ts,itp_xvs_m3,odpu_gvs_m3,delta_m3,ratio,z_delta,z_ratio,raw_is_anomaly,severe,is_anomaly,is_anomaly_final,top_cause,top_cause_prob,p_normal,p_leak,p_odpu_fault,p_itp_fault,p_tamper,p_tech,"P(Норма), %","P(Утечка), %","P(Неисправность ОДПУ), %","P(Неисправность ИТП), %","P(Вмешательство), %","P(Техпроцесс), %",Причина (top),Интерпретация,Аномалия
2025-04-20 00:00:00,0.11,0.06,0.05,0.5454545454545454,6.069597239061611,-6.070326668869626,True,True,True,True,tamper,0.4904861338235944,0.0,7.826710178219937e-07,1.3238130012499526e-05,0.1470768864981696,0.4904861338235944,0.3624229588772057,0.0,0.0,0.0,14.7,49.0,36.2,Вмешательство,Подозрительно высокий GVS/XVS без плоских участков.,True
2025-04-20 01:00:00,0.04,0.02,0.02,0.5,2.023199079687202,-2.6979448223204687,True,False,False,False,normal,0.8729461836765035,1.0,0.0,0.0,0.0,0.0,0.0,100.0,0.0,0.0,0.0,0.0,0.0,Норма,"Отклонения в пределах ожидаемых, z-оценки малы.",False
2025-04-20 02:00:00,0.05,0.03,0.020000000000000004,0.6,19980.019980019984,-399600.3996003996,True,True,True,True,tamper,0.4904930109285074,0.0,0.0,0.0,0.14707894866284457,0.4904930109285074,0.362428040408648,0.0,0.0,0.0,14.7,49.0,36.2,Вмешательство,Подозрительно высокий GVS/XVS без плоских участков.,True
2025-04-20 03:00:00,0.05,0.03,0.020000000000000004,0.6,19980.019980019984,-399600.3996003996,True,True,True,True,tamper,0.4904930109285074,0.0,0.0,0.0,0.14707894866284457,0.4904930109285074,0.362428040408648,0.0,0.0,0.0,14.7,49.0,36.2,Вмешательство,Подозрительно высокий GVS/XVS без плоских участков.,True
2025-04-20 04:00:00,0.07,0.03,0.04000000000000001,0.4285714285714285,4.720797852603469,-4.721390688271204,True,False,True,True,tamper,0.48564779541952313,0.0,0.00737078982650131,0.0025074661343985538,0.14562606516149293,0.48564779541952313,0.35884788345808405,0.0,0.7,0.3,14.6,48.6,35.9,Вмешательство,Подозрительно высокий GVS/XVS без плоских участков.,True
2025-04-20 05:00:00,0.21,0.11,0.09999999999999999,0.5238095238095238,11.464794784894169,-14.25212934204814,True,True,True,True,tech,0.6945447170694751,0.0,5.228399926601266e-52,5.949100679059523e-23,0.07046426870110226,0.23499101422942267,0.6945447170694751,0.0,0.0,0.0,7.0,23.5,69.5,Техпроцесс,Рециркуляция (Подача>Обратка) или низкий ΔT + всплеск ХВС.,True
2025-04-20 06:00:00,0.13,0.07,0.06,0.5384615384615385,6.069597239061593,-7.896551138708943,True,True,True,True,tamper,0.4904865176703467,0.0,8.732095279715676e-11,1.3238140372453486e-05,0.14707700159823325,0.4904865176703467,0.36242324250372665,0.0,0.0,0.0,14.7,49.0,36.2,Вмешательство,Подозрительно высокий GVS/XVS без плоских участков.,True
2025-04-20 07:00:00,0.13,0.07,0.06,0.5384615384615385,6.069597239061593,-7.896551138708943,True,True,True,True,tamper,0.4904865176703467,0.0,8.732095279715676e-11,1.3238140372453486e-05,0.14707700159823325,0.4904865176703467,0.36242324250372665,0.0,0.0,0.0,14.7,49.0,36.2,Вмешательство,Подозрительно высокий GVS/XVS без плоских участков.,True
2025-04-20 08:00:00,0.22,0.11,0.11,0.5,12.81359417135227,-15.750767522999045,True,True,True,True,tech,0.6945447170694751,0.0,2.0752679375804846e-66,3.4855004505920794e-29,0.07046426870110226,0.23499101422942267,0.6945447170694751,0.0,0.0,0.0,7.0,23.5,69.5,Техпроцесс,Рециркуляция (Подача>Обратка) или низкий ΔT + всплеск ХВС.,True
2025-04-20 09:00:00,0.27,0.14,0.13,0.5185185185185185,15.511192944268497,-17.632380874744438,True,True,True,True,tech,0.6945447170694751,0.0,1.1550949884885909e-92,5.100459870745318e-44,0.07046426870110226,0.23499101422942267,0.6945447170694751,0.0,0.0,0.0,7.0,23.5,69.5,Техпроцесс,Рециркуляция (Подача>Обратка) или низкий ΔT + всплеск ХВС.,True
2025-04-20 10:00:00,0.18,0.09,0.09,0.5,79920.07991843719,-85.64367324748771,True,True,True,True,tamper,0.4904930109285074,0.0,0.0,0.0,0.14707894866284457,0.4904930109285074,0.362428040408648,0.0,0.0,0.0,14.7,49.0,36.2,Вмешательство,Подозрительно высокий GVS/XVS без плоских участков.,True
2025-04-20 11:00:00,0.16,0.08,0.08,0.5,69930.06993006992,-65.41571039238642,True,True,True,True,tamper,0.4904930109285074,0.0,0.0,0.0,0.14707894866284457,0.4904930109285074,0.362428040408648,0.0,0.0,0.0,14.7,49.0,36.2,Вмешательство,Подозрительно высокий GVS/XVS без плоских участков.,True
2025-04-20 12:00:00,0.22,0.11,0.11,0.5,12.81359417135227,-15.750767522999045,True,True,True,True,tech,0.6945447170694751,0.0,2.0752679375804846e-66,3.4855004505920794e-29,0.07046426870110226,0.23499101422942267,0.6945447170694751,0.0,0.0,0.0,7.0,23.5,69.5,Техпроцесс,Рециркуляция (Подача>Обратка) или низкий ΔT + всплеск ХВС.,True
2025-04-20 13:00:00,0.24,0.12,0.12,0.5,14.162393557810445,-17.07459864815829,True,True,True,True,tech,0.6945447170694751,0.0,2.0015244693351547e-81,3.311192898525632e-36,0.07046426870110226,0.23499101422942267,0.6945447170694751,0.0,0.0,0.0,7.0,23.5,69.5,Техпроцесс,Рециркуляция (Подача>Обратка) или низкий ΔT + всплеск ХВС.,True
2025-04-20 14:00:00,0.27,0.14,0.13,0.5185185185185185,15.511192944268497,-17.632380874744438,True,True,True,True,tech,0.6945447170694751,0.0,1.1550949884885909e-92,5.100459870745318e-44,0.07046426870110226,0.23499101422942267,0.6945447170694751,0.0,0.0,0.0,7.0,23.5,69.5,Техпроцесс,Рециркуляция (Подача>Обратка) или низкий ΔT + всплеск ХВС.,True
2025-04-20 15:00:00,0.22,0.11,0.11,0.5,12.81359417135227,-15.750767522999045,True,True,True,True,tech,0.6945447170694751,0.0,2.0752679375804846e-66,3.4855004505920794e-29,0.07046426870110226,0.23499101422942267,0.6945447170694751,0.0,0.0,0.0,7.0,23.5,69.5,Техпроцесс,Рециркуляция (Подача>Обратка) или низкий ΔT + всплеск ХВС.,True
2025-04-20 16:00:00,0.2,0.1,0.1,0.5,89910.08990824185,-108.5666241274337,True,True,True,True,tamper,0.4904930109285074,0.0,0.0,0.0,0.14707894866284457,0.4904930109285074,0.362428040408648,0.0,0.0,0.0,14.7,49.0,36.2,Вмешательство,Подозрительно высокий GVS/XVS без плоских участков.,True
2025-04-20 17:00:00,0.24,0.12,0.12,0.5,14.162393557810445,-17.07459864815829,True,True,True,True,tech,0.6945447170694751,0.0,2.0015244693351547e-81,3.311192898525632e-36,0.07046426870110226,0.23499101422942267,0.6945447170694751,0.0,0.0,0.0,7.0,23.5,69.5,Техпроцесс,Рециркуляция (Подача>Обратка) или низкий ΔT + всплеск ХВС.,True
2025-04-20 18:00:00,0.31,0.16,0.15,0.5161290322580645,8.7677879026244,-9.7422316649587,True,True,True,True,tech,0.6945447170689641,0.0,6.392288460964672e-23,7.35651404666451e-13,0.07046426870105042,0.23499101422924978,0.6945447170689641,0.0,0.0,0.0,7.0,23.5,69.5,Техпроцесс,Рециркуляция (Подача>Обратка) или низкий ΔT + всплеск ХВС.,True
2025-04-20 19:00:00,0.42,0.22,0.19999999999999998,0.5238095238095238,23.603989263017475,-32.66663811794304,True,True,True,True,tech,0.6945447170694751,0.0,1.598583489212658e-305,1.743308519913448e-107,0.07046426870110226,0.23499101422942267,0.6945447170694751,0.0,0.0,0.0,7.0,23.5,69.5,Техпроцесс,Рециркуляция (Подача>Обратка) или низкий ΔT + всплеск ХВС.,True
2025-04-20 20:00:00,0.31,0.16,0.15,0.5161290322580645,8.7677879026244,-9.7422316649587,True,True,True,True,tech,0.6945447170689641,0.0,6.392288460964672e-23,7.35651404666451e-13,0.07046426870105042,0.23499101422924978,0.6945447170689641,0.0,0.0,0.0,7.0,23.5,69.5,Техпроцесс,Рециркуляция (Подача>Обратка) или низкий ΔT + всплеск ХВС.,True
2025-04-20 21:00:00,0.27,0.14,0.13,0.5185185185185185,15.511192944268497,-17.632380874744438,True,True,True,True,tech,0.6945447170694751,0.0,1.1550949884885909e-92,5.100459870745318e-44,0.07046426870110226,0.23499101422942267,0.6945447170694751,0.0,0.0,0.0,7.0,23.5,69.5,Техпроцесс,Рециркуляция (Подача>Обратка) или низкий ΔT + всплеск ХВС.,True
2025-04-20 22:00:00,0.22,0.11,0.11,0.5,12.81359417135227,-15.750767522999045,True,True,True,True,tech,0.6945447170694751,0.0,2.0752679375804846e-66,3.4855004505920794e-29,0.07046426870110226,0.23499101422942267,0.6945447170694751,0.0,0.0,0.0,7.0,23.5,69.5,Техпроцесс,Рециркуляция (Подача>Обратка) или низкий ΔT + всплеск ХВС.,True
2025-04-20 23:00:00,0.13,0.07,0.06,0.5384615384615385,6.069597239061593,-7.896551138708943,True,True,True,True,tamper,0.4904865176703467,0.0,8.732095279715676e-11,1.3238140372453486e-05,0.14707700159823325,0.4904865176703467,0.36242324250372665,0.0,0.0,0.0,14.7,49.0,36.2,Вмешательство,Подозрительно высокий GVS/XVS без плоских участков.,True
2025-04-21 00:00:00,0.11,0.06,0.05,0.5454545454545454,3.3719984661453397,-4.721341810882365,True,False,True,True,tamper,0.4100393462937814,0.0,0.09835741387858896,0.06566870441905312,0.12295415963038,0.4100393462937814,0.30298037577819653,0.0,9.8,6.6,12.3,41.0,30.3,Вмешательство,Подозрительно высокий GVS/XVS без плоских участков.,True
2025-04-21 01:00:00,0.04,0.02,0.02,0.5,2.023199079687202,-2.6979448223204687,True,False,True,True,leak,0.8729461836765035,0.0,0.8729461836765035,0.035981359415009455,0.013394841214242498,0.04467040360170058,0.03300721209254403,0.0,87.3,3.6,1.3,4.5,3.3,Утечка,"XVS > GVS (положительный Δ), низкое GVS/XVS, без нулевых/плоских участков.",True
2025-04-21 02:00:00,0.05,0.03,0.020000000000000004,0.6,0.6743996932290685,-1.3489678573098787,True,False,True,True,leak,0.7566181704089017,0.0,0.7566181704089017,0.05930795589992887,0.02707339181879444,0.09028694854005544,0.06671353333231952,0.0,75.7,5.9,2.7,9.0,6.7,Утечка,"XVS > GVS (положительный Δ), низкое GVS/XVS, без нулевых/плоских участков.",True
2025-04-21 03:00:00,0.05,0.03,0.020000000000000004,0.6,0.6743996932290685,-1.3489678573098787,True,False,True,True,leak,0.7566181704089017,0.0,0.7566181704089017,0.05930795589992887,0.02707339181879444,0.09028694854005544,0.06671353333231952,0.0,75.7,5.9,2.7,9.0,6.7,Утечка,"XVS > GVS (положительный Δ), низкое GVS/XVS, без нулевых/плоских участков.",True
2025-04-21 04:00:00,0.06,0.04,0.019999999999999997,0.6666666666666667,2.0231990796872,-2.473109408142058,True,False,True,True,leak,0.8868448727931321,0.0,0.8868448727931321,0.03204528143660713,0.011929550842095436,0.039783812467802084,0.0293964824603633,0.0,88.7,3.2,1.2,4.0,2.9,Утечка,"XVS > GVS (положительный Δ), низкое GVS/XVS, без нулевых/плоских участков.",True
2025-04-21 05:00:00,0.2,0.12,0.08000000000000002,0.6,3.3722261163940055,-4.271704309641991,True,False,True,True,tech,0.5736427950660214,0.0,0.1430036929466926,0.031069939797331077,0.05819829746965038,0.19408527472030448,0.5736427950660214,0.0,14.3,3.1,5.8,19.4,57.4,Техпроцесс,Рециркуляция (Подача>Обратка) или низкий ΔT + всплеск ХВС.,True
2025-04-21 06:00:00,0.13,0.07,0.06,0.5384615384615385,4.720797852603467,-6.192913157805705,True,True,True,True,tamper,0.4892315518485569,0.0,4.584910370247184e-05,0.0025259695600590762,0.14670068827762703,0.4892315518485569,0.3614959412100545,0.0,0.0,0.3,14.7,48.9,36.1,Вмешательство,Подозрительно высокий GVS/XVS без плоских участков.,True
2025-04-21 07:00:00,0.13,0.07,0.06,0.5384615384615385,4.720797852603467,-6.192913157805705,True,True,True,True,tamper,0.4892315518485569,0.0,4.584910370247184e-05,0.0025259695600590762,0.14670068827762703,0.4892315518485569,0.3614959412100545,0.0,0.0,0.3,14.7,48.9,36.1,Вмешательство,Подозрительно высокий GVS/XVS без плоских участков.,True
2025-04-21 08:00:00,0.21,0.12,0.09,0.5714285714285714,4.0466713396728,-5.040844421159725,True,True,True,True,tech,0.6839011608772234,0.0,0.00697756690612765,0.008346941265442028,0.06938443843958852,0.2313898925116184,0.6839011608772234,0.0,0.7,0.8,6.9,23.1,68.4,Техпроцесс,Рециркуляция (Подача>Обратка) или низкий ΔT + всплеск ХВС.,True
2025-04-21 09:00:00,0.17,0.1,0.07,0.5882352941176471,6.069597239061619,-7.419193979618611,True,True,True,True,tamper,0.4904865170753547,0.0,1.3003859881014454e-09,1.3238140356393164e-05,0.1470770014198193,0.4904865170753547,0.3624232420640837,0.0,0.0,0.0,14.7,49.0,36.2,Вмешательство,Подозрительно высокий GVS/XVS без плоских участков.,True
2025-04-21 10:00:00,0.17,0.1,0.07,0.5882352941176471,6.069597239061619,-7.419193979618611,True,True,True,True,tech,0.6945403116092985,0.0,6.230081221891512e-10,6.3423237716934915e-06,0.070463821749996,0.23498952369392564,0.6945403116092985,0.0,0.0,0.0,7.0,23.5,69.5,Техпроцесс,Рециркуляция (Подача>Обратка) или низкий ΔT + всплеск ХВС.,True
2025-04-21 11:00:00,0.15,0.08,0.06999999999999999,0.5333333333333333,6.069597239061602,-7.626743844084598,True,True,True,True,tamper,0.4904865175104683,0.0,4.132798494580684e-10,1.3238140368137787e-05,0.1470770015502922,0.4904865175104683,0.3624232423855916,0.0,0.0,0.0,14.7,49.0,36.2,Вмешательство,Подозрительно высокий GVS/XVS без плоских участков.,True
2025-04-21 12:00:00,0.15,0.08,0.06999999999999999,0.5333333333333333,6.069597239061602,-7.626743844084598,True,True,True,True,tamper,0.4904865175104683,0.0,4.132798494580684e-10,1.3238140368137787e-05,0.1470770015502922,0.4904865175104683,0.3624232423855916,0.0,0.0,0.0,14.7,49.0,36.2,Вмешательство,Подозрительно высокий GVS/XVS без плоских участков.,True
2025-04-21 13:00:00,0.13,0.07,0.06,0.5384615384615385,4.720797852603467,-6.192913157805705,True,True,True,True,tamper,0.4892315518485569,0.0,4.584910370247184e-05,0.0025259695600590762,0.14670068827762703,0.4892315518485569,0.3614959412100545,0.0,0.0,0.3,14.7,48.9,36.1,Вмешательство,Подозрительно высокий GVS/XVS без плоских участков.,True
2025-04-21 14:00:00,0.11,0.06,0.05,0.5454545454545454,3.3719984661453397,-4.721341810882365,True,False,True,True,tamper,0.4100393462937814,0.0,0.09835741387858896,0.06566870441905312,0.12295415963038,0.4100393462937814,0.30298037577819653,0.0,9.8,6.6,12.3,41.0,30.3,Вмешательство,Подозрительно высокий GVS/XVS без плоских участков.,True
2025-04-21 15:00:00,0.11,0.06,0.05,0.5454545454545454,3.3719984661453397,-4.721341810882365,True,False,True,True,tamper,0.4100393462937814,0.0,0.09835741387858896,0.06566870441905312,0.12295415963038,0.4100393462937814,0.30298037577819653,0.0,9.8,6.6,12.3,41.0,30.3,Вмешательство,Подозрительно высокий GVS/XVS без плоских участков.,True
2025-04-21 16:00:00,0.13,0.07,0.06,0.5384615384615385,4.720797852603467,-6.192913157805705,True,True,True,True,tamper,0.4892315518485569,0.0,4.584910370247184e-05,0.0025259695600590762,0.14670068827762703,0.4892315518485569,0.3614959412100545,0.0,0.0,0.3,14.7,48.9,36.1,Вмешательство,Подозрительно высокий GVS/XVS без плоских участков.,True
2025-04-21 17:00:00,0.17,0.1,0.07,0.5882352941176471,6.069597239061619,-7.419193979618611,True,True,True,True,tech,0.6945403116092985,0.0,6.230081221891512e-10,6.3423237716934915e-06,0.070463821749996,0.23498952369392564,0.6945403116092985,0.0,0.0,0.0,7.0,23.5,69.5,Техпроцесс,Рециркуляция (Подача>Обратка) или низкий ΔT + всплеск ХВС.,True
2025-04-21 18:00:00,0.3,0.17,0.12999999999999998,0.5666666666666668,5.3955617862304,-6.796622065136612,True,True,True,True,tech,0.6944682212342743,0.0,1.8542147448228058e-07,0.000109952678090283,0.07045650790046029,0.23496513276570063,0.6944682212342743,0.0,0.0,0.0,7.0,23.5,69.4,Техпроцесс,Рециркуляция (Подача>Обратка) или низкий ΔT + всплеск ХВС.,True
2025-04-21 19:00:00,0.4,0.23,0.17,0.575,3.372339953045563,-4.413021769813333,True,False,True,True,tech,0.5977451283141744,0.0,0.1070028002796634,0.032368483348742476,0.06064357312229273,0.20224001493512703,0.5977451283141744,0.0,10.7,3.2,6.1,20.2,59.8,Техпроцесс,Рециркуляция (Подача>Обратка) или низкий ΔT + всплеск ХВС.,True
2025-04-21 20:00:00,0.34,0.19,0.15000000000000002,0.5588235294117647,4.271582541745394,-5.425801032969752,True,True,True,True,tech,0.6904592160074228,0.0,0.0012485001848438742,0.004633771988055893,0.07004977869413803,0.23360873312553943,0.6904592160074228,0.0,0.1,0.5,7.0,23.4,69.0,Техпроцесс,Рециркуляция (Подача>Обратка) или низкий ΔT + всплеск ХВС.,True
2025-04-21 21:00:00,0.26,0.14,0.12,0.5384615384615385,4.721116562951599,-6.192913157805705,True,True,True,True,tech,0.693688670973504,0.0,2.197634267349896e-05,0.0012105520675678644,0.07037741948802126,0.23470138112823347,0.693688670973504,0.0,0.0,0.1,7.0,23.5,69.4,Техпроцесс,Рециркуляция (Подача>Обратка) или низкий ΔT + всплеск ХВС.,True
2025-04-21 22:00:00,0.21,0.12,0.09,0.5714285714285714,4.0466713396728,-5.040844421159725,True,True,True,True,tech,0.6839011608772234,0.0,0.00697756690612765,0.008346941265442028,0.06938443843958852,0.2313898925116184,0.6839011608772234,0.0,0.7,0.8,6.9,23.1,68.4,Техпроцесс,Рециркуляция (Подача>Обратка) или низкий ΔT + всплеск ХВС.,True
2025-04-21 23:00:00,0.13,0.07,0.06,0.5384615384615385,4.720797852603467,-6.192913157805705,True,True,True,True,tamper,0.4892315518485569,0.0,4.584910370247184e-05,0.0025259695600590762,0.14670068827762703,0.4892315518485569,0.3614959412100545,0.0,0.0,0.3,14.7,48.9,36.1,Вмешательство,Подозрительно высокий GVS/XVS без плоских участков.,True
2025-04-22 00:00:00,0.12,0.05,0.06999999999999999,0.4166666666666667,8.767196011977882,-8.76823779296862,True,True,True,True,tamper,0.490493010927751,0.0,1.5701568187025376e-19,1.5421328211009992e-12,0.14707894866261775,0.490493010927751,0.3624280404080892,0.0,0.0,0.0,14.7,49.0,36.2,Вмешательство,Подозрительно высокий GVS/XVS без плоских участков.,True
2025-04-22 01:00:00,0.05,0.02,0.030000000000000002,0.39999999999999997,3.371998466145337,-3.372431027900586,True,False,True,True,leak,0.6330809142625432,0.0,0.6330809142625432,0.02672356137330657,0.05003560006328435,0.1668635270497745,0.12329639725109148,0.0,63.3,2.7,5.0,16.7,12.3,Утечка,"XVS > GVS (положительный Δ), низкое GVS/XVS, без нулевых/плоских участков.",True
2025-04-22 02:00:00,0.06,0.03,0.03,0.5,3.3719984661453397,-3.3724264740410064,True,False,True,True,leak,0.6330823660351732,0.0,0.6330823660351732,0.026723455637364956,0.05003540208962336,0.16686286682818635,0.12329590940965218,0.0,63.3,2.7,5.0,16.7,12.3,Утечка,"XVS > GVS (положительный Δ), низкое GVS/XVS, без нулевых/плоских участков.",True
2025-04-22 03:00:00,0.06,0.03,0.03,0.5,3.3719984661453397,-3.3724264740410064,True,False,True,True,leak,0.6330823660351732,0.0,0.6330823660351732,0.026723455637364956,0.05003540208962336,0.16686286682818635,0.12329590940965218,0.0,63.3,2.7,5.0,16.7,12.3,Утечка,"XVS > GVS (положительный Δ), низкое GVS/XVS, без нулевых/плоских участков.",True
2025-04-22 04:00:00,0.07,0.03,0.04000000000000001,0.4285714285714285,39960.03996003997,-570857.7137148567,True,True,True,True,tamper,0.4904930109285074,0.0,0.0,0.0,0.14707894866284457,0.4904930109285074,0.362428040408648,0.0,0.0,0.0,14.7,49.0,36.2,Вмешательство,Подозрительно высокий GVS/XVS без плоских участков.,True
2025-04-22 05:00:00,0.22,0.1,0.12,0.4545454545454546,99900.09989804646,-171.31812148943405,True,True,True,True,tamper,0.4904930109285074,0.0,0.0,0.0,0.14707894866284457,0.4904930109285074,0.362428040408648,0.0,0.0,0.0,14.7,49.0,36.2,Вмешательство,Подозрительно высокий GVS/XVS без плоских участков.,True
2025-04-22 06:00:00,0.14,0.07,0.07,0.5,59940.0599388279,-122.04821832459476,True,True,True,True,tamper,0.4904930109285074,0.0,0.0,0.0,0.14707894866284457,0.4904930109285074,0.362428040408648,0.0,0.0,0.0,14.7,49.0,36.2,Вмешательство,Подозрительно высокий GVS/XVS без плоских участков.,True
2025-04-22 07:00:00,0.14,0.07,0.07,0.5,59940.0599388279,-122.04821832459476,True,True,True,True,tamper,0.4904930109285074,0.0,0.0,0.0,0.14707894866284457,0.4904930109285074,0.362428040408648,0.0,0.0,0.0,14.7,49.0,36.2,Вмешательство,Подозрительно высокий GVS/XVS без плоских участков.,True
2025-04-22 08:00:00,0.23,0.11,0.12000000000000001,0.47826086956521735,14.162393557810447,-16.990115236066877,True,True,True,True,tech,0.6945447170694751,0.0,7.127025248156019e-81,3.311192898525632e-36,0.07046426870110226,0.23499101422942267,0.6945447170694751,0.0,0.0,0.0,7.0,23.5,69.5,Техпроцесс,Рециркуляция (Подача>Обратка) или низкий ΔT + всплеск ХВС.,True
2025-04-22 09:00:00,0.18,0.09,0.09,0.5,79920.07992007991,-229.88338993138728,True,True,True,True,tamper,0.4904930109285074,0.0,0.0,0.0,0.14707894866284457,0.4904930109285074,0.362428040408648,0.0,0.0,0.0,14.7,49.0,36.2,Вмешательство,Подозрительно высокий GVS/XVS без плоских участков.,True
2025-04-22 10:00:00,0.18,0.09,0.09,0.5,79920.07992007991,-229.88338993138728,True,True,True,True,tamper,0.4904930109285074,0.0,0.0,0.0,0.14707894866284457,0.4904930109285074,0.362428040408648,0.0,0.0,0.0,14.7,49.0,36.2,Вмешательство,Подозрительно высокий GVS/XVS без плоских участков.,True
2025-04-22 11:00:00,0.16,0.08,0.08,0.5,10.115995398436004,-10.791604423671282,True,True,True,True,tamper,0.4904930109285074,0.0,1.0007593284496436e-30,3.4365651076732605e-17,0.14707894866284457,0.4904930109285074,0.362428040408648,0.0,0.0,0.0,14.7,49.0,36.2,Вмешательство,Подозрительно высокий GVS/XVS без плоских участков.,True
2025-04-22 12:00:00,0.16,0.08,0.08,0.5,10.115995398436004,-10.791604423671282,True,True,True,True,tamper,0.4904930109285074,0.0,1.0007593284496436e-30,3.4365651076732605e-17,0.14707894866284457,0.4904930109285074,0.362428040408648,0.0,0.0,0.0,14.7,49.0,36.2,Вмешательство,Подозрительно высокий GVS/XVS без плоских участков.,True
2025-04-22 13:00:00,0.14,0.07,0.07,0.5,59940.0599388279,-122.04821832459476,True,True,True,True,tamper,0.4904930109285074,0.0,0.0,0.0,0.14707894866284457,0.4904930109285074,0.362428040408648,0.0,0.0,0.0,14.7,49.0,36.2,Вмешательство,Подозрительно высокий GVS/XVS без плоских участков.,True
2025-04-22 14:00:00,0.12,0.05,0.06999999999999999,0.4166666666666667,8.767196011977882,-8.76823779296862,True,True,True,True,tamper,0.490493010927751,0.0,1.5701568187025376e-19,1.5421328211009992e-12,0.14707894866261775,0.490493010927751,0.3624280404080892,0.0,0.0,0.0,14.7,49.0,36.2,Вмешательство,Подозрительно высокий GVS/XVS без плоских участков.,True
2025-04-22 15:00:00,0.12,0.05,0.06999999999999999,0.4166666666666667,8.767196011977882,-8.76823779296862,True,True,True,True,tamper,0.490493010927751,0.0,1.5701568187025376e-19,1.5421328211009992e-12,0.14707894866261775,0.490493010927751,0.3624280404080892,0.0,0.0,0.0,14.7,49.0,36.2,Вмешательство,Подозрительно высокий GVS/XVS без плоских участков.,True
2025-04-22 16:00:00,0.14,0.07,0.07,0.5,59940.0599388279,-122.04821832459476,True,True,True,True,tamper,0.4904930109285074,0.0,0.0,0.0,0.14707894866284457,0.4904930109285074,0.362428040408648,0.0,0.0,0.0,14.7,49.0,36.2,Вмешательство,Подозрительно высокий GVS/XVS без плоских участков.,True
2025-04-22 17:00:00,0.18,0.09,0.09,0.5,79920.07992007991,-229.88338993138728,True,True,True,True,tamper,0.4904930109285074,0.0,0.0,0.0,0.14707894866284457,0.4904930109285074,0.362428040408648,0.0,0.0,0.0,14.7,49.0,36.2,Вмешательство,Подозрительно высокий GVS/XVS без плоских участков.,True
2025-04-22 18:00:00,0.32,0.15,0.17,0.46875,20.906390490101074,-21.026339244023614,True,True,True,True,tech,0.6945447170694751,0.0,3.4724785970168583e-156,3.607147402572106e-83,0.07046426870110226,0.23499101422942267,0.6945447170694751,0.0,0.0,0.0,7.0,23.5,69.5,Техпроцесс,Рециркуляция (Подача>Обратка) или низкий ΔT + всплеск ХВС.,True
2025-04-22 19:00:00,0.44,0.21,0.23,0.47727272727272724,199800.19979198618,-217.4351020059713,True,True,True,True,tech,0.841409227327223,0.0,0.0,0.0,0.036584676853245665,0.12200609581953129,0.841409227327223,0.0,0.0,0.0,3.7,12.2,84.1,Техпроцесс,Рециркуляция (Подача>Обратка) или низкий ΔT + всплеск ХВС.,True
2025-04-22 20:00:00,0.37,0.17,0.19999999999999998,0.4594594594594595,179820.1798201798,-487.8978102399461,True,True,True,True,tech,0.6945447170694751,0.0,0.0,0.0,0.07046426870110226,0.23499101422942267,0.6945447170694751,0.0,0.0,0.0,7.0,23.5,69.5,Техпроцесс,Рециркуляция (Подача>Обратка) или низкий ΔT + всплеск ХВС.,True
2025-04-22 21:00:00,0.28,0.13,0.15000000000000002,0.46428571428571425,139860.13985439035,-547.7603855193312,True,True,True,True,tech,0.6945447170694751,0.0,0.0,0.0,0.07046426870110226,0.23499101422942267,0.6945447170694751,0.0,0.0,0.0,7.0,23.5,69.5,Техпроцесс,Рециркуляция (Подача>Обратка) или низкий ΔT + всплеск ХВС.,True
2025-04-22 22:00:00,0.23,0.11,0.12000000000000001,0.47826086956521735,14.162393557810447,-16.990115236066877,True,True,True,True,tech,0.6945447170694751,0.0,7.127025248156019e-81,3.311192898525632e-36,0.07046426870110226,0.23499101422942267,0.6945447170694751,0.0,0.0,0.0,7.0,23.5,69.5,Техпроцесс,Рециркуляция (Подача>Обратка) или низкий ΔT + всплеск ХВС.,True
2025-04-22 23:00:00,0.14,0.07,0.07,0.5,59940.0599388279,-122.04821832459476,True,True,True,True,tamper,0.4904930109285074,0.0,0.0,0.0,0.14707894866284457,0.4904930109285074,0.362428040408648,0.0,0.0,0.0,14.7,49.0,36.2,Вмешательство,Подозрительно высокий GVS/XVS без плоских участков.,True
2025-04-23 00:00:00,0.1,0.05,0.05,0.5,6.069597239061602,-6.070334865706179,True,True,True,True,tamper,0.4904861338364022,0.0,7.826449053705782e-07,1.3238130012845722e-05,0.14707688650201015,0.4904861338364022,0.3624229588866695,0.0,0.0,0.0,14.7,49.0,36.2,Вмешательство,Подозрительно высокий GVS/XVS без плоских участков.,True
2025-04-23 01:00:00,0.04,0.02,0.02,0.5,19980.01998001998,-499500.4995004995,True,True,True,True,tamper,0.4904930109285074,0.0,0.0,0.0,0.14707894866284457,0.4904930109285074,0.362428040408648,0.0,0.0,0.0,14.7,49.0,36.2,Вмешательство,Подозрительно высокий GVS/XVS без плоских участков.,True
2025-04-23 02:00:00,0.05,0.02,0.030000000000000002,0.39999999999999997,3.371998466145337,-3.372431027900586,True,False,True,True,leak,0.6330809142625432,0.0,0.6330809142625432,0.02672356137330657,0.05003560006328435,0.1668635270497745,0.12329639725109148,0.0,63.3,2.7,5.0,16.7,12.3,Утечка,"XVS > GVS (положительный Δ), низкое GVS/XVS, без нулевых/плоских участков.",True
2025-04-23 03:00:00,0.05,0.02,0.030000000000000002,0.39999999999999997,3.371998466145337,-3.372431027900586,True,False,True,True,leak,0.6330809142625432,0.0,0.6330809142625432,0.02672356137330657,0.05003560006328435,0.1668635270497745,0.12329639725109148,0.0,63.3,2.7,5.0,16.7,12.3,Утечка,"XVS > GVS (положительный Δ), низкое GVS/XVS, без нулевых/плоских участков.",True
2025-04-23 04:00:00,0.06,0.03,0.03,0.5,3.3719984661453397,-3.3724264740410064,True,False,True,True,leak,0.6330823660351732,0.0,0.6330823660351732,0.026723455637364956,0.05003540208962336,0.16686286682818635,0.12329590940965218,0.0,63.3,2.7,5.0,16.7,12.3,Утечка,"XVS > GVS (положительный Δ), низкое GVS/XVS, без нулевых/плоских участков.",True
2025-04-23 05:00:00,0.2,0.09,0.11000000000000001,0.44999999999999996,6.07000700950921,-6.070334865706186,True,True,True,True,tamper,0.4904861466234962,0.0,7.81340808584816e-07,1.321336422942006e-05,0.14707689033634072,0.4904861466234962,0.362422968335125,0.0,0.0,0.0,14.7,49.0,36.2,Вмешательство,Подозрительно высокий GVS/XVS без плоских участков.,True
2025-04-23 06:00:00,0.12,0.06,0.06,0.5,7.418396625519747,-7.419278132511908,True,True,True,True,tamper,0.4904930054237142,0.0,2.1625183505308575e-12,1.12208173676037e-08,0.1470789470121805,0.4904930054237142,0.36242803634112547,0.0,0.0,0.0,14.7,49.0,36.2,Вмешательство,Подозрительно высокий GVS/XVS без плоских участков.,True
2025-04-23 07:00:00,0.12,0.06,0.06,0.5,7.418396625519747,-7.419278132511908,True,True,True,True,tamper,0.4904930054237142,0.0,2.1625183505308575e-12,1.12208173676037e-08,0.1470789470121805,0.4904930054237142,0.36242803634112547,0.0,0.0,0.0,14.7,49.0,36.2,Вмешательство,Подозрительно высокий GVS/XVS без плоских участков.,True
2025-04-23 08:00:00,0.21,0.1,0.10999999999999999,0.4761904761904762,6.070007009509201,-6.070330767285127,True,True,True,True,tech,0.6945400602868658,0.0,3.743426847432454e-07,6.330456149439019e-06,0.07046379625235562,0.2349894386619444,0.6945400602868658,0.0,0.0,0.0,7.0,23.5,69.5,Техпроцесс,Рециркуляция (Подача>Обратка) или низкий ΔT + всплеск ХВС.,True
2025-04-23 09:00:00,0.17,0.08,0.09000000000000001,0.47058823529411764,4.721116562951607,-4.721381125224199,True,False,True,True,tamper,0.4856520546964446,0.0,0.007364656917594045,0.0025049153784490684,0.14562734234579058,0.4856520546964446,0.3588510306617217,0.0,0.7,0.3,14.6,48.6,35.9,Вмешательство,Подозрительно высокий GVS/XVS без плоских участков.,True
2025-04-23 10:00:00,0.17,0.08,0.09000000000000001,0.47058823529411764,4.721116562951607,-4.721381125224199,True,False,True,True,tamper,0.4856520546964446,0.0,0.007364656917594045,0.0025049153784490684,0.14562734234579058,0.4856520546964446,0.3588510306617217,0.0,0.7,0.3,14.6,48.6,35.9,Вмешательство,Подозрительно высокий GVS/XVS без плоских участков.,True
2025-04-23 11:00:00,0.15,0.07,0.07999999999999999,0.46666666666666673,4.0466713396728,-4.046903571929626,True,False,True,True,tamper,0.4076961767750413,0.0,0.15409644210504822,0.014706848275646568,0.12225153818282311,0.4076961767750413,0.3012489946614408,0.0,15.4,1.5,12.2,40.8,30.1,Вмешательство,Подозрительно высокий GVS/XVS без плоских участков.,True
2025-04-23 12:00:00,0.15,0.07,0.07999999999999999,0.46666666666666673,4.0466713396728,-4.046903571929626,True,False,True,True,tamper,0.4076961767750413,0.0,0.15409644210504822,0.014706848275646568,0.12225153818282311,0.4076961767750413,0.3012489946614408,0.0,15.4,1.5,12.2,40.8,30.1,Вмешательство,Подозрительно высокий GVS/XVS без плоских участков.,True
2025-04-23 13:00:00,0.12,0.06,0.06,0.5,7.418396625519747,-7.419278132511908,True,True,True,True,tamper,0.4904930054237142,0.0,2.1625183505308575e-12,1.12208173676037e-08,0.1470789470121805,0.4904930054237142,0.36242803634112547,0.0,0.0,0.0,14.7,49.0,36.2,Вмешательство,Подозрительно высокий GVS/XVS без плоских участков.,True
2025-04-23 14:00:00,0.1,0.05,0.05,0.5,6.069597239061602,-6.070334865706179,True,True,True,True,tamper,0.4904861338364022,0.0,7.826449053705782e-07,1.3238130012845722e-05,0.14707688650201015,0.4904861338364022,0.3624229588866695,0.0,0.0,0.0,14.7,49.0,36.2,Вмешательство,Подозрительно высокий GVS/XVS без плоских участков.,True
2025-04-23 15:00:00,0.1,0.05,0.05,0.5,6.069597239061602,-6.070334865706179,True,True,True,True,tamper,0.4904861338364022,0.0,7.826449053705782e-07,1.3238130012845722e-05,0.14707688650201015,0.4904861338364022,0.3624229588866695,0.0,0.0,0.0,14.7,49.0,36.2,Вмешательство,Подозрительно высокий GVS/XVS без плоских участков.,True
2025-04-23 16:00:00,0.12,0.06,0.06,0.5,7.418396625519747,-7.419278132511908,True,True,True,True,tamper,0.4904930054237142,0.0,2.1625183505308575e-12,1.12208173676037e-08,0.1470789470121805,0.4904930054237142,0.36242803634112547,0.0,0.0,0.0,14.7,49.0,36.2,Вмешательство,Подозрительно высокий GVS/XVS без плоских участков.,True
2025-04-23 17:00:00,0.17,0.08,0.09000000000000001,0.47058823529411764,4.721116562951607,-4.721381125224199,True,False,True,True,tamper,0.4856520546964446,0.0,0.007364656917594045,0.0025049153784490684,0.14562734234579058,0.4856520546964446,0.3588510306617217,0.0,0.7,0.3,14.6,48.6,35.9,Вмешательство,Подозрительно высокий GVS/XVS без плоских участков.,True
2025-04-23 18:00:00,0.29,0.14,0.14999999999999997,0.48275862068965525,5.620503344401823,-5.62068296110181,True,True,True,True,tech,0.6945054637485248,0.0,1.1881072353958406e-05,4.4635549233577755e-05,0.07046028629869264,0.23497773333119498,0.6945054637485248,0.0,0.0,0.0,7.0,23.5,69.5,Техпроцесс,Рециркуляция (Подача>Обратка) или низкий ΔT + всплеск ХВС.,True
2025-04-23 19:00:00,0.39,0.19,0.2,0.48717948717948717,7.41906441461042,-7.419268114210216,True,True,True,True,tech,0.6945447133497544,0.0,1.03235791138957e-12,5.354592130316796e-09,0.0704642683237221,0.23499101297089903,0.6945447133497544,0.0,0.0,0.0,7.0,23.5,69.5,Техпроцесс,Рециркуляция (Подача>Обратка) или низкий ΔT + всплеск ХВС.,True
2025-04-23 20:00:00,0.33,0.16,0.17,0.48484848484848486,6.070143611953981,-6.070326668869625,True,True,True,True,tech,0.694540063171009,0.0,3.741408575879411e-07,6.326505409967521e-06,0.07046379654496318,0.23498943963776023,0.694540063171009,0.0,0.0,0.0,7.0,23.5,69.5,Техпроцесс,Рециркуляция (Подача>Обратка) или низкий ΔT + всплеск ХВС.,True
2025-04-23 21:00:00,0.25,0.12,0.13,0.48,4.721222809297536,-4.721382187783061,True,False,True,True,tech,0.6912446422767626,0.0,0.0035455473902065915,0.0012058742412711636,0.07012946325054957,0.23387447284121007,0.6912446422767626,0.0,0.4,0.1,7.0,23.4,69.1,Техпроцесс,Рециркуляция (Подача>Обратка) или низкий ΔT + всплеск ХВС.,True
2025-04-23 22:00:00,0.21,0.1,0.10999999999999999,0.4761904761904762,6.070007009509201,-6.070330767285127,True,True,True,True,tech,0.6945400602868658,0.0,3.743426847432454e-07,6.330456149439019e-06,0.07046379625235562,0.2349894386619444,0.6945400602868658,0.0,0.0,0.0,7.0,23.5,69.5,Техпроцесс,Рециркуляция (Подача>Обратка) или низкий ΔT + всплеск ХВС.,True
2025-04-23 23:00:00,0.12,0.06,0.06,0.5,7.418396625519747,-7.419278132511908,True,True,True,True,tamper,0.4904930054237142,0.0,2.1625183505308575e-12,1.12208173676037e-08,0.1470789470121805,0.4904930054237142,0.36242803634112547,0.0,0.0,0.0,14.7,49.0,36.2,Вмешательство,Подозрительно высокий GVS/XVS без плоских участков.,True
2025-04-24 00:00:00,0.11,0.04,0.07,0.36363636363636365,49950.0499495366,-41.140269832635965,True,True,True,True,tamper,0.4904930109285074,0.0,0.0,0.0,0.14707894866284457,0.4904930109285074,0.362428040408648,0.0,0.0,0.0,14.7,49.0,36.2,Вмешательство,Подозрительно высокий GVS/XVS без плоских участков.,True
2025-04-24 01:00:00,0.05,0.02,0.030000000000000002,0.39999999999999997,19980.01998001998,-399600.39960039954,True,True,True,True,tamper,0.4904930109285074,0.0,0.0,0.0,0.14707894866284457,0.4904930109285074,0.362428040408648,0.0,0.0,0.0,14.7,49.0,36.2,Вмешательство,Подозрительно высокий GVS/XVS без плоских участков.,True
2025-04-24 02:00:00,0.05,0.02,0.030000000000000002,0.39999999999999997,19980.019979917313,-16.86158592550198,True,True,True,True,tamper,0.4904930109285074,0.0,0.0,0.0,0.14707894866284457,0.4904930109285074,0.362428040408648,0.0,0.0,0.0,14.7,49.0,36.2,Вмешательство,Подозрительно высокий GVS/XVS без плоских участков.,True
2025-04-24 03:00:00,0.05,0.02,0.030000000000000002,0.39999999999999997,19980.019979917313,-16.86158592550198,True,True,True,True,tamper,0.4904930109285074,0.0,0.0,0.0,0.14707894866284457,0.4904930109285074,0.362428040408648,0.0,0.0,0.0,14.7,49.0,36.2,Вмешательство,Подозрительно высокий GVS/XVS без плоских участков.,True
2025-04-24 04:00:00,0.07,0.02,0.05,0.2857142857142857,4.720797852603474,-4.721390688271214,True,False,True,True,tamper,0.4856477954195233,0.0,0.007370789826501011,0.0025074661343985143,0.14562606516149296,0.4856477954195233,0.35884788345808416,0.0,0.7,0.3,14.6,48.6,35.9,Вмешательство,Подозрительно высокий GVS/XVS без плоских участков.,True
2025-04-24 05:00:00,0.22,0.08,0.14,0.36363636363636365,6.744452232788012,-6.74480740985514,True,True,True,True,tamper,0.4904927731771746,0.0,2.0458313902481454e-09,4.826732726394824e-07,0.14707887737086836,0.4904927731771746,0.36242786473285304,0.0,0.0,0.0,14.7,49.0,36.2,Вмешательство,Подозрительно высокий GVS/XVS без плоских участков.,True
2025-04-24 06:00:00,0.13,0.05,0.08,0.38461538461538464,59940.059939443905,-57.32467049567039,True,True,True,True,tamper,0.4904930109285074,0.0,0.0,0.0,0.14707894866284457,0.4904930109285074,0.362428040408648,0.0,0.0,0.0,14.7,49.0,36.2,Вмешательство,Подозрительно высокий GVS/XVS без плоских участков.,True
2025-04-24 07:00:00,0.13,0.05,0.08,0.38461538461538464,59940.059939443905,-57.32467049567039,True,True,True,True,tamper,0.4904930109285074,0.0,0.0,0.0,0.14707894866284457,0.4904930109285074,0.362428040408648,0.0,0.0,0.0,14.7,49.0,36.2,Вмешательство,Подозрительно высокий GVS/XVS без плоских участков.,True
2025-04-24 08:00:00,0.22,0.08,0.14,0.36363636363636365,14.162393557810407,-12.6074574939625,True,True,True,True,tamper,0.4904930109285074,0.0,3.4138152666623305e-56,6.911400335410664e-36,0.14707894866284457,0.4904930109285074,0.362428040408648,0.0,0.0,0.0,14.7,49.0,36.2,Вмешательство,Подозрительно высокий GVS/XVS без плоских участков.,True
2025-04-24 09:00:00,0.18,0.07,0.10999999999999999,0.38888888888888895,5.395561786230409,-5.39586050005768,True,True,True,True,tamper,0.4903215583599054,0.0,0.00012010397557381293,0.00022944752624564954,0.14702753699545343,0.4903215583599054,0.36230135314282175,0.0,0.0,0.0,14.7,49.0,36.2,Вмешательство,Подозрительно высокий GVS/XVS без плоских участков.,True
2025-04-24 10:00:00,0.18,0.07,0.10999999999999999,0.38888888888888895,5.395561786230409,-5.39586050005768,True,True,True,True,tamper,0.4903215583599054,0.0,0.00012010397557381293,0.00022944752624564954,0.14702753699545343,0.4903215583599054,0.36230135314282175,0.0,0.0,0.0,14.7,49.0,36.2,Вмешательство,Подозрительно высокий GVS/XVS без плоских участков.,True
2025-04-24 11:00:00,0.16,0.06,0.1,0.375,10.115995398436006,-10.117142808364722,True,True,True,True,tamper,0.4904930109285074,0.0,2.9973822960694176e-28,3.436565107673211e-17,0.14707894866284457,0.4904930109285074,0.362428040408648,0.0,0.0,0.0,14.7,49.0,36.2,Вмешательство,Подозрительно высокий GVS/XVS без плоских участков.,True
2025-04-24 12:00:00,0.16,0.06,0.1,0.375,10.115995398436006,-10.117142808364722,True,True,True,True,tamper,0.4904930109285074,0.0,2.9973822960694176e-28,3.436565107673211e-17,0.14707894866284457,0.4904930109285074,0.362428040408648,0.0,0.0,0.0,14.7,49.0,36.2,Вмешательство,Подозрительно высокий GVS/XVS без плоских участков.,True
2025-04-24 13:00:00,0.13,0.05,0.08,0.38461538461538464,59940.059939443905,-57.32467049567039,True,True,True,True,tamper,0.4904930109285074,0.0,0.0,0.0,0.14707894866284457,0.4904930109285074,0.362428040408648,0.0,0.0,0.0,14.7,49.0,36.2,Вмешательство,Подозрительно высокий GVS/XVS без плоских участков.,True
2025-04-24 14:00:00,0.11,0.04,0.07,0.36363636363636365,49950.0499495366,-41.140269832635965,True,True,True,True,tamper,0.4904930109285074,0.0,0.0,0.0,0.14707894866284457,0.4904930109285074,0.362428040408648,0.0,0.0,0.0,14.7,49.0,36.2,Вмешательство,Подозрительно высокий GVS/XVS без плоских участков.,True
2025-04-24 15:00:00,0.11,0.04,0.07,0.36363636363636365,49950.0499495366,-41.140269832635965,True,True,True,True,tamper,0.4904930109285074,0.0,0.0,0.0,0.14707894866284457,0.4904930109285074,0.362428040408648,0.0,0.0,0.0,14.7,49.0,36.2,Вмешательство,Подозрительно высокий GVS/XVS без плоских участков.,True
2025-04-24 16:00:00,0.13,0.05,0.08,0.38461538461538464,59940.059939443905,-57.32467049567039,True,True,True,True,tamper,0.4904930109285074,0.0,0.0,0.0,0.14707894866284457,0.4904930109285074,0.362428040408648,0.0,0.0,0.0,14.7,49.0,36.2,Вмешательство,Подозрительно высокий GVS/XVS без плоских участков.,True
2025-04-24 17:00:00,0.18,0.07,0.10999999999999999,0.38888888888888895,5.395561786230409,-5.39586050005768,True,True,True,True,tamper,0.4903215583599054,0.0,0.00012010397557381293,0.00022944752624564954,0.14702753699545343,0.4903215583599054,0.36230135314282175,0.0,0.0,0.0,14.7,49.0,36.2,Вмешательство,Подозрительно высокий GVS/XVS без плоских участков.,True
2025-04-24 18:00:00,0.31,0.11,0.2,0.3548387096774194,10.116678349182003,-9.561710058212633,True,True,True,True,tech,0.6945447170694751,0.0,1.111195569131105e-26,1.6367689886196918e-17,0.07046426870110226,0.23499101422942267,0.6945447170694751,0.0,0.0,0.0,7.0,23.5,69.5,Техпроцесс,Рециркуляция (Подача>Обратка) или низкий ΔT + всплеск ХВС.,True
2025-04-24 19:00:00,0.43,0.16,0.27,0.37209302325581395,8.767985217266862,-8.41631583769569,True,True,True,True,tech,0.6945447170689649,0.0,7.613611811941081e-19,7.345971921737216e-13,0.0704642687010505,0.23499101422925003,0.6945447170689649,0.0,0.0,0.0,7.0,23.5,69.5,Техпроцесс,Рециркуляция (Подача>Обратка) или низкий ΔT + всплеск ХВС.,True
2025-04-24 20:00:00,0.36,0.13,0.22999999999999998,0.36111111111111116,11.4655687957396,-10.783068789337321,True,True,True,True,tech,0.6945447170694751,0.0,3.638624321824991e-36,5.903390831183862e-23,0.07046426870110226,0.23499101422942267,0.6945447170694751,0.0,0.0,0.0,7.0,23.5,69.5,Техпроцесс,Рециркуляция (Подача>Обратка) или низкий ΔT + всплеск ХВС.,True
2025-04-24 21:00:00,0.27,0.1,0.17,0.37037037037037035,16.85999233072672,-14.838323342851291,True,True,True,True,tech,0.6945447170694751,0.0,1.0637398695215028e-83,1.2739128027416722e-52,0.07046426870110226,0.23499101422942267,0.6945447170694751,0.0,0.0,0.0,7.0,23.5,69.5,Техпроцесс,Рециркуляция (Подача>Обратка) или низкий ΔT + всплеск ХВС.,True
2025-04-24 22:00:00,0.22,0.08,0.14,0.36363636363636365,14.162393557810407,-12.6074574939625,True,True,True,True,tamper,0.4904930109285074,0.0,3.4138152666623305e-56,6.911400335410664e-36,0.14707894866284457,0.4904930109285074,0.362428040408648,0.0,0.0,0.0,14.7,49.0,36.2,Вмешательство,Подозрительно высокий GVS/XVS без плоских участков.,True
2025-04-24 23:00:00,0.13,0.05,0.08,0.38461538461538464,59940.059939443905,-57.32467049567039,True,True,True,True,tamper,0.4904930109285074,0.0,0.0,0.0,0.14707894866284457,0.4904930109285074,0.362428040408648,0.0,0.0,0.0,14.7,49.0,36.2,Вмешательство,Подозрительно высокий GVS/XVS без плоских участков.,True
2025-04-25 00:00:00,0.11,0.02,0.09,0.18181818181818182,2.3606379671318938,-2.360708891890731,True,False,True,True,leak,0.8910770350106093,0.0,0.8910770350106093,0.02595412367748969,0.012202969951928794,0.04069563678832387,0.03007023457164838,0.0,89.1,2.6,1.2,4.1,3.0,Утечка,"XVS > GVS (положительный Δ), низкое GVS/XVS, без нулевых/плоских участков.",True
2025-04-25 01:00:00,0.04,0.01,0.03,0.25,1.3488904465576008,-1.8548433269318418,True,False,True,True,leak,0.8711803007459006,0.0,0.8711803007459006,0.039849191654382894,0.01308568871976592,0.0436394121564226,0.03224540672352799,0.0,87.1,4.0,1.3,4.4,3.2,Утечка,"XVS > GVS (положительный Δ), низкое GVS/XVS, без нулевых/плоских участков.",True
2025-04-25 02:00:00,0.05,0.01,0.04,0.19999999999999998,2.023335669836402,-2.0234654475620095,True,False,True,True,leak,0.8975752334026528,0.0,0.8975752334026528,0.02900498103503764,0.01079850487155599,0.03601189168218259,0.026609389008571023,0.0,89.8,2.9,1.1,3.6,2.7,Утечка,"XVS > GVS (положительный Δ), низкое GVS/XVS, без нулевых/плоских участков.",True
2025-04-25 03:00:00,0.05,0.01,0.04,0.19999999999999998,2.023335669836402,-2.0234654475620095,True,False,True,True,leak,0.8975752334026528,0.0,0.8975752334026528,0.02900498103503764,0.01079850487155599,0.03601189168218259,0.026609389008571023,0.0,89.8,2.9,1.1,3.6,2.7,Утечка,"XVS > GVS (положительный Δ), низкое GVS/XVS, без нулевых/плоских участков.",True
2025-04-25 04:00:00,0.07,0.01,0.060000000000000005,0.14285714285714285,2.0233812039846577,-2.0234659029517594,True,False,True,True,leak,0.8975757550438136,0.0,0.8975757550438136,0.029004337850298472,0.010798522748057718,0.03601195129845832,0.026609433059371964,0.0,89.8,2.9,1.1,3.6,2.7,Утечка,"XVS > GVS (положительный Δ), низкое GVS/XVS, без нулевых/плоских участков.",True
2025-04-25 05:00:00,0.21,0.05,0.15999999999999998,0.2380952380952381,2.216141173665668,-2.38747288546695,True,False,True,True,leak,0.8913982150637159,0.0,0.8913982150637159,0.028189552871904226,0.011826946551661683,0.03944163782073957,0.02914364769197867,0.0,89.1,2.8,1.2,3.9,2.9,Утечка,"XVS > GVS (положительный Δ), низкое GVS/XVS, без нулевых/плоских участков.",True
2025-04-25 06:00:00,0.13,0.03,0.1,0.23076923076923075,2.0234176327788904,-2.2309994614877415,True,False,True,True,leak,0.8951230622680144,0.0,0.8951230622680144,0.029698481655165303,0.011057168281874565,0.036874507278076125,0.027246780516869597,0.0,89.5,3.0,1.1,3.7,2.7,Утечка,"XVS > GVS (положительный Δ), низкое GVS/XVS, без нулевых/плоских участков.",True
2025-04-25 07:00:00,0.13,0.03,0.1,0.23076923076923075,2.0234176327788904,-2.2309994614877415,True,False,True,True,leak,0.8951230622680144,0.0,0.8951230622680144,0.029698481655165303,0.011057168281874565,0.036874507278076125,0.027246780516869597,0.0,89.5,3.0,1.1,3.7,2.7,Утечка,"XVS > GVS (положительный Δ), низкое GVS/XVS, без нулевых/плоских участков.",True
2025-04-25 08:00:00,0.22,0.05,0.16999999999999998,0.2272727272727273,2.0234381245520927,-2.1715857586759455,True,False,True,True,leak,0.8962407411273092,0.0,0.8962407411273092,0.029381757518638304,0.010939364703323332,0.03648164458448833,0.026956492066240807,0.0,89.6,2.9,1.1,3.6,2.7,Утечка,"XVS > GVS (положительный Δ), низкое GVS/XVS, без нулевых/плоских участков.",True
2025-04-25 09:00:00,0.27,0.06,0.21000000000000002,0.2222222222222222,2.529297655690116,-2.5671824829173233,True,False,True,True,leak,0.8772546139138264,0.0,0.8772546139138264,0.025846096521751818,0.014251845635311705,0.047528424295286524,0.03511901963382355,0.0,87.7,2.6,1.4,4.8,3.5,Утечка,"XVS > GVS (положительный Δ), низкое GVS/XVS, без нулевых/плоских участков.",True
2025-04-25 10:00:00,0.18,0.04,0.13999999999999999,0.22222222222222224,2.2482519335360074,-2.2638755646199726,True,False,True,True,leak,0.8951020492798468,0.0,0.8951020492798468,0.026756838281194913,0.011492912664867105,0.03832766951748766,0.02832053025660346,0.0,89.5,2.7,1.1,3.8,2.8,Утечка,"XVS > GVS (положительный Δ), низкое GVS/XVS, без нулевых/плоских участков.",True
2025-04-25 11:00:00,0.16,0.03,0.13,0.1875,2.562995668186595,-2.588574821456551,True,False,True,True,leak,0.8747075936965117,0.0,0.8747075936965117,0.025655683653706348,0.01465446441554137,0.048871116091540184,0.036111142142700454,0.0,87.5,2.6,1.5,4.9,3.6,Утечка,"XVS > GVS (положительный Δ), низкое GVS/XVS, без нулевых/плоских участков.",True
2025-04-25 12:00:00,0.22,0.05,0.16999999999999998,0.2272727272727273,2.0234381245520927,-2.1715857586759455,True,False,True,True,leak,0.8962407411273092,0.0,0.8962407411273092,0.029381757518638304,0.010939364703323332,0.03648164458448833,0.026956492066240807,0.0,89.6,2.9,1.1,3.6,2.7,Утечка,"XVS > GVS (положительный Δ), низкое GVS/XVS, без нулевых/плоских участков.",True
2025-04-25 13:00:00,0.24,0.05,0.19,0.20833333333333334,2.6015570299553503,-2.807142192210672,True,False,True,True,leak,0.8552842030668922,0.0,0.8552842030668922,0.02866158467812214,0.017069131526357896,0.056923779999883975,0.042061300728743756,0.0,85.5,2.9,1.7,5.7,4.2,Утечка,"XVS > GVS (положительный Δ), низкое GVS/XVS, без нулевых/плоских участков.",True
2025-04-25 14:00:00,0.27,0.06,0.21000000000000002,0.2222222222222222,2.529297655690116,-2.5671824829173233,True,False,True,True,leak,0.8772546139138264,0.0,0.8772546139138264,0.025846096521751818,0.014251845635311705,0.047528424295286524,0.03511901963382355,0.0,87.7,2.6,1.4,4.8,3.5,Утечка,"XVS > GVS (положительный Δ), низкое GVS/XVS, без нулевых/плоских участков.",True
2025-04-25 15:00:00,0.22,0.05,0.16999999999999998,0.2272727272727273,2.0234381245520927,-2.1715857586759455,True,False,True,True,leak,0.8962407411273092,0.0,0.8962407411273092,0.029381757518638304,0.010939364703323332,0.03648164458448833,0.026956492066240807,0.0,89.6,2.9,1.1,3.6,2.7,Утечка,"XVS > GVS (положительный Δ), низкое GVS/XVS, без нулевых/плоских участков.",True
2025-04-25 16:00:00,0.2,0.04,0.16,0.19999999999999998,2.697902320243209,-2.71585753969777,True,False,True,True,leak,0.8587034533943757,0.0,0.8587034533943757,0.025581300664168118,0.017019276717331867,0.0567575193921576,0.04193844983196673,0.0,85.9,2.6,1.7,5.7,4.2,Утечка,"XVS > GVS (положительный Δ), низкое GVS/XVS, без нулевых/плоских участков.",True
2025-04-25 17:00:00,0.24,0.05,0.19,0.20833333333333334,2.6015570299553503,-2.807142192210672,True,False,True,True,leak,0.8552842030668922,0.0,0.8552842030668922,0.02866158467812214,0.017069131526357896,0.056923779999883975,0.042061300728743756,0.0,85.5,2.9,1.7,5.7,4.2,Утечка,"XVS > GVS (положительный Δ), низкое GVS/XVS, без нулевых/плоских участков.",True
2025-04-25 18:00:00,0.31,0.07,0.24,0.22580645161290325,2.293237615933447,-2.4341010738585593,True,False,True,True,leak,0.8890519814546004,0.0,0.8890519814546004,0.027575340765422902,0.012262365795085068,0.04089371575347303,0.03021659623141859,0.0,88.9,2.8,1.2,4.1,3.0,Утечка,"XVS > GVS (положительный Δ), низкое GVS/XVS, без нулевых/плоских участков.",True
2025-04-25 19:00:00,0.42,0.09,0.32999999999999996,0.21428571428571427,2.438518185757828,-2.5525691672961077,True,False,True,True,leak,0.8807249929098556,0.0,0.8807249929098556,0.026932017684430962,0.013581709798176519,0.045293590911747623,0.033467688695789255,0.0,88.1,2.7,1.4,4.5,3.3,Утечка,"XVS > GVS (положительный Δ), низкое GVS/XVS, без нулевых/плоских участков.",True
2025-04-25 20:00:00,0.31,0.07,0.24,0.22580645161290325,2.293237615933447,-2.4341010738585593,True,False,True,True,leak,0.8890519814546004,0.0,0.8890519814546004,0.027575340765422902,0.012262365795085068,0.04089371575347303,0.03021659623141859,0.0,88.9,2.8,1.2,4.1,3.0,Утечка,"XVS > GVS (положительный Δ), низкое GVS/XVS, без нулевых/плоских участков.",True
2025-04-25 21:00:00,0.27,0.06,0.21000000000000002,0.2222222222222222,2.529297655690116,-2.5671824829173233,True,False,True,True,leak,0.8772546139138264,0.0,0.8772546139138264,0.025846096521751818,0.014251845635311705,0.047528424295286524,0.03511901963382355,0.0,87.7,2.6,1.4,4.8,3.5,Утечка,"XVS > GVS (положительный Δ), низкое GVS/XVS, без нулевых/плоских участков.",True
2025-04-25 22:00:00,0.22,0.05,0.16999999999999998,0.2272727272727273,2.0234381245520927,-2.1715857586759455,True,False,True,True,leak,0.8962407411273092,0.0,0.8962407411273092,0.029381757518638304,0.010939364703323332,0.03648164458448833,0.026956492066240807,0.0,89.6,2.9,1.1,3.6,2.7,Утечка,"XVS > GVS (положительный Δ), низкое GVS/XVS, без нулевых/плоских участков.",True
2025-04-25 23:00:00,0.13,0.03,0.1,0.23076923076923075,2.0234176327788904,-2.2309994614877415,True,False,True,True,leak,0.8951230622680144,0.0,0.8951230622680144,0.029698481655165303,0.011057168281874565,0.036874507278076125,0.027246780516869597,0.0,89.5,3.0,1.1,3.7,2.7,Утечка,"XVS > GVS (положительный Δ), низкое GVS/XVS, без нулевых/плоских участков.",True
2025-04-26 00:00:00,0.1,0.01,0.09000000000000001,0.09999999999999999,79920.07992007992,-799200.7992007991,True,True,True,True,tamper,0.4904930109285074,0.0,0.0,0.0,0.14707894866284457,0.4904930109285074,0.362428040408648,0.0,0.0,0.0,14.7,49.0,36.2,Вмешательство,Подозрительно высокий GVS/XVS без плоских участков.,True
2025-04-26 01:00:00,0.04,0.0,0.04,0.0,39960.03996003996,-999000.999000999,True,True,True,True,tamper,0.4904930109285074,0.0,0.0,0.0,0.14707894866284457,0.4904930109285074,0.362428040408648,0.0,0.0,0.0,14.7,49.0,36.2,Вмешательство,Подозрительно высокий GVS/XVS без плоских участков.,True
2025-04-26 02:00:00,0.05,0.01,0.04,0.19999999999999998,29970.02997002997,-599400.5994005994,True,True,True,True,tamper,0.4904930109285074,0.0,0.0,0.0,0.14707894866284457,0.4904930109285074,0.362428040408648,0.0,0.0,0.0,14.7,49.0,36.2,Вмешательство,Подозрительно высокий GVS/XVS без плоских участков.,True
2025-04-26 03:00:00,0.05,0.01,0.04,0.19999999999999998,29970.02997002997,-599400.5994005994,True,True,True,True,tamper,0.4904930109285074,0.0,0.0,0.0,0.14707894866284457,0.4904930109285074,0.362428040408648,0.0,0.0,0.0,14.7,49.0,36.2,Вмешательство,Подозрительно высокий GVS/XVS без плоских участков.,True
2025-04-26 04:00:00,0.06,0.01,0.049999999999999996,0.16666666666666669,2.6977808931152043,-2.697952108525319,True,False,True,True,leak,0.8602392634252141,0.0,0.8602392634252141,0.025306261220348784,0.01683384390488808,0.05613912023084054,0.041481511218708585,0.0,86.0,2.5,1.7,5.6,4.1,Утечка,"XVS > GVS (положительный Δ), низкое GVS/XVS, без нулевых/плоских участков.",True
2025-04-26 05:00:00,0.19,0.02,0.17,0.10526315789473684,9.442233125903229,-10.046226707572238,True,True,True,True,tamper,0.49049301092850295,0.0,1.0043889385429344e-25,9.092565587134358e-15,0.14707894866284324,0.49049301092850295,0.3624280404086448,0.0,0.0,0.0,14.7,49.0,36.2,Вмешательство,Подозрительно высокий GVS/XVS без плоских участков.,True
2025-04-26 06:00:00,0.12,0.01,0.11,0.08333333333333334,99900.0999000999,-832500.8325008325,True,True,True,True,tamper,0.4904930109285074,0.0,0.0,0.0,0.14707894866284457,0.4904930109285074,0.362428040408648,0.0,0.0,0.0,14.7,49.0,36.2,Вмешательство,Подозрительно высокий GVS/XVS без плоских участков.,True
2025-04-26 07:00:00,0.12,0.01,0.11,0.08333333333333334,99900.0999000999,-832500.8325008325,True,True,True,True,tamper,0.4904930109285074,0.0,0.0,0.0,0.14707894866284457,0.4904930109285074,0.362428040408648,0.0,0.0,0.0,14.7,49.0,36.2,Вмешательство,Подозрительно высокий GVS/XVS без плоских участков.,True
2025-04-26 08:00:00,0.2,0.02,0.18000000000000002,0.09999999999999999,159840.15984015985,-799200.7992007991,True,True,True,True,tamper,0.4904930109285074,0.0,0.0,0.0,0.14707894866284457,0.4904930109285074,0.362428040408648,0.0,0.0,0.0,14.7,49.0,36.2,Вмешательство,Подозрительно высокий GVS/XVS без плоских участков.,True
2025-04-26 09:00:00,0.24,0.03,0.21,0.125,12.140014019018402,-12.140636944110362,True,True,True,True,tamper,0.4904930109285074,0.0,2.6955282546898827e-44,1.1828093237687627e-25,0.14707894866284457,0.4904930109285074,0.362428040408648,0.0,0.0,0.0,14.7,49.0,36.2,Вмешательство,Подозрительно высокий GVS/XVS без плоских участков.,True
2025-04-26 10:00:00,0.16,0.02,0.14,0.125,8.093342679345625,-8.09380167926098,True,True,True,True,tamper,0.4904930108478014,0.0,9.150336056052931e-16,1.6453963797044108e-10,0.14707894863864412,0.4904930108478014,0.36242804034901394,0.0,0.0,0.0,14.7,49.0,36.2,Вмешательство,Подозрительно высокий GVS/XVS без плоских участков.,True
2025-04-26 11:00:00,0.14,0.02,0.12000000000000001,0.14285714285714285,6.744452232788,-6.744843840387434,True,True,True,True,tamper,0.4904927731773481,0.0,2.045477785510202e-09,4.826732726396804e-07,0.14707887737092037,0.4904927731773481,0.3624278647329812,0.0,0.0,0.0,14.7,49.0,36.2,Вмешательство,Подозрительно высокий GVS/XVS без плоских участков.,True
2025-04-26 12:00:00,0.2,0.02,0.18000000000000002,0.09999999999999999,159840.15984015985,-799200.7992007991,True,True,True,True,tamper,0.4904930109285074,0.0,0.0,0.0,0.14707894866284457,0.4904930109285074,0.362428040408648,0.0,0.0,0.0,14.7,49.0,36.2,Вмешательство,Подозрительно высокий GVS/XVS без плоских участков.,True
2025-04-26 13:00:00,0.22,0.03,0.19,0.13636363636363635,10.791123572460801,-10.791691855768196,True,True,True,True,tamper,0.4904930109285074,0.0,3.3218088458059105e-33,8.145189192795848e-20,0.14707894866284457,0.4904930109285074,0.362428040408648,0.0,0.0,0.0,14.7,49.0,36.2,Вмешательство,Подозрительно высокий GVS/XVS без плоских участков.,True
2025-04-26 14:00:00,0.24,0.03,0.21,0.125,12.140014019018402,-12.140636944110362,True,True,True,True,tamper,0.4904930109285074,0.0,2.6955282546898827e-44,1.1828093237687627e-25,0.14707894866284457,0.4904930109285074,0.362428040408648,0.0,0.0,0.0,14.7,49.0,36.2,Вмешательство,Подозрительно высокий GVS/XVS без плоских участков.,True
2025-04-26 15:00:00,0.2,0.02,0.18000000000000002,0.09999999999999999,159840.15984015985,-799200.7992007991,True,True,True,True,tamper,0.4904930109285074,0.0,0.0,0.0,0.14707894866284457,0.4904930109285074,0.362428040408648,0.0,0.0,0.0,14.7,49.0,36.2,Вмешательство,Подозрительно высокий GVS/XVS без плоских участков.,True
2025-04-26 16:00:00,0.18,0.02,0.16,0.11111111111111112,9.442233125903202,-9.442755875100929,True,True,True,True,tamper,0.49049301092850295,0.0,1.075497941685266e-23,9.092565587136299e-15,0.14707894866284324,0.49049301092850295,0.3624280404086448,0.0,0.0,0.0,14.7,49.0,36.2,Вмешательство,Подозрительно высокий GVS/XVS без плоских участков.,True
2025-04-26 17:00:00,0.22,0.03,0.19,0.13636363636363635,10.791123572460801,-10.791691855768196,True,True,True,True,tamper,0.4904930109285074,0.0,3.3218088458059105e-33,8.145189192795848e-20,0.14707894866284457,0.4904930109285074,0.362428040408648,0.0,0.0,0.0,14.7,49.0,36.2,Вмешательство,Подозрительно высокий GVS/XVS без плоских участков.,True
2025-04-26 18:00:00,0.28,0.03,0.25,0.10714285714285712,14.8377949121336,-14.838516191871161,True,True,True,True,tamper,0.4904930109285074,0.0,3.2199137402856165e-71,1.062523030197332e-39,0.14707894866284457,0.4904930109285074,0.362428040408648,0.0,0.0,0.0,14.7,49.0,36.2,Вмешательство,Подозрительно высокий GVS/XVS без плоских участков.,True
2025-04-26 19:00:00,0.38,0.04,0.34,0.10526315789473684,9.442551868527593,-9.744488205527535,True,True,True,True,tamper,0.49049301092850295,0.0,1.0851903035369676e-24,9.069576150846047e-15,0.14707894866284324,0.49049301092850295,0.3624280404086448,0.0,0.0,0.0,14.7,49.0,36.2,Вмешательство,Подозрительно высокий GVS/XVS без плоских участков.,True
2025-04-26 20:00:00,0.28,0.03,0.25,0.10714285714285712,14.8377949121336,-14.838516191871161,True,True,True,True,tamper,0.4904930109285074,0.0,3.2199137402856165e-71,1.062523030197332e-39,0.14707894866284457,0.4904930109285074,0.362428040408648,0.0,0.0,0.0,14.7,49.0,36.2,Вмешательство,Подозрительно высокий GVS/XVS без плоских участков.,True
2025-04-26 21:00:00,0.24,0.03,0.21,0.125,12.140014019018402,-12.140636944110362,True,True,True,True,tamper,0.4904930109285074,0.0,2.6955282546898827e-44,1.1828093237687627e-25,0.14707894866284457,0.4904930109285074,0.362428040408648,0.0,0.0,0.0,14.7,49.0,36.2,Вмешательство,Подозрительно высокий GVS/XVS без плоских участков.,True
2025-04-26 22:00:00,0.2,0.02,0.18000000000000002,0.09999999999999999,159840.15984015985,-799200.7992007991,True,True,True,True,tamper,0.4904930109285074,0.0,0.0,0.0,0.14707894866284457,0.4904930109285074,0.362428040408648,0.0,0.0,0.0,14.7,49.0,36.2,Вмешательство,Подозрительно высокий GVS/XVS без плоских участков.,True
2025-04-26 23:00:00,0.12,0.01,0.11,0.08333333333333334,99900.0999000999,-832500.8325008325,True,True,True,True,tamper,0.4904930109285074,0.0,0.0,0.0,0.14707894866284457,0.4904930109285074,0.362428040408648,0.0,0.0,0.0,14.7,49.0,36.2,Вмешательство,Подозрительно высокий GVS/XVS без плоских участков.,True
2025-04-27 00:00:00,0.11,0.0,0.11,0.0,14.162393557810427,-14.164095560695793,True,True,True,True,tamper,0.4904930109285074,0.0,6.854998502597598e-64,6.911400335408897e-36,0.14707894866284457,0.4904930109285074,0.362428040408648,0.0,0.0,0.0,14.7,49.0,36.2,Вмешательство,Подозрительно высокий GVS/XVS без плоских участков.,True
2025-04-27 01:00:00,0.04,0.0,0.04,0.0,4.720797852603472,-6.070375850221056,True,True,True,True,tamper,0.4679715777584189,0.0,8.084780473539239e-06,0.04590782567756791,0.1403256848257785,0.4679715777584189,0.34578682695776114,0.0,0.0,4.6,14.0,46.8,34.6,Вмешательство,Подозрительно высокий GVS/XVS без плоских участков.,True
2025-04-27 02:00:00,0.05,0.0,0.05,0.0,49950.04995004995,-999000.999000999,True,True,True,True,tamper,0.4904930109285074,0.0,0.0,0.0,0.14707894866284457,0.4904930109285074,0.362428040408648,0.0,0.0,0.0,14.7,49.0,36.2,Вмешательство,Подозрительно высокий GVS/XVS без плоских участков.,True
2025-04-27 03:00:00,0.05,0.0,0.05,0.0,49950.04995004995,-999000.999000999,True,True,True,True,tamper,0.4904930109285074,0.0,0.0,0.0,0.14707894866284457,0.4904930109285074,0.362428040408648,0.0,0.0,0.0,14.7,49.0,36.2,Вмешательство,Подозрительно высокий GVS/XVS без плоских участков.,True
2025-04-27 04:00:00,0.06,0.0,0.06,0.0,7.418396625519735,-8.768296992503664,True,True,True,True,tamper,0.4904929063576132,0.0,6.464591285366705e-17,2.1319548266093968e-07,0.14707891730627712,0.4904929063576132,0.36242796314062703,0.0,0.0,0.0,14.7,49.0,36.2,Вмешательство,Подозрительно высокий GVS/XVS без плоских участков.,True
2025-04-27 05:00:00,0.2,0.0,0.2,0.0,24.952788649475547,-32.711647853241764,True,True,True,True,tamper,0.4904930109285074,0.0,8.299e-320,3.1381439810961187e-119,0.14707894866284457,0.4904930109285074,0.362428040408648,0.0,0.0,0.0,14.7,49.0,36.2,Вмешательство,Подозрительно высокий GVS/XVS без плоских участков.,True
2025-04-27 06:00:00,0.13,0.0,0.13,0.0,15.511192944268517,-20.099368667121194,True,True,True,True,tech,0.43326602591597685,0.0,2.7252422959002505e-111,2.4181171642776213e-42,0.17582610747005017,0.390907866613973,0.43326602591597685,0.0,0.0,0.0,17.6,39.1,43.3,Техпроцесс,Рециркуляция (Подача>Обратка) или низкий ΔT + всплеск ХВС.,True
2025-04-27 07:00:00,0.13,0.0,0.13,0.0,15.511192944268517,-20.099368667121194,True,True,True,True,tech,0.43326602591597685,0.0,2.7252422959002505e-111,2.4181171642776213e-42,0.17582610747005017,0.390907866613973,0.43326602591597685,0.0,0.0,0.0,17.6,39.1,43.3,Техпроцесс,Рециркуляция (Подача>Обратка) или низкий ΔT + всплеск ХВС.,True
2025-04-27 08:00:00,0.21,0.0,0.21,0.0,26.30158803593361,-34.00102712143623,True,True,True,True,tech,0.43326602591597685,0.0,0.0,2.7610525816539233e-133,0.17582610747005017,0.390907866613973,0.43326602591597685,0.0,0.0,0.0,17.6,39.1,43.3,Техпроцесс,Рециркуляция (Подача>Обратка) или низкий ΔT + всплеск ХВС.,True
2025-04-27 09:00:00,0.26,0.0,0.26,0.0,33.04558496822419,-39.215185879896104,True,True,True,True,tech,0.43326602591597685,0.0,0.0,8.394642913872448e-216,0.17582610747005017,0.390907866613973,0.43326602591597685,0.0,0.0,0.0,17.6,39.1,43.3,Техпроцесс,Рециркуляция (Подача>Обратка) или низкий ΔT + всплеск ХВС.,True
2025-04-27 10:00:00,0.17,0.0,0.17,0.0,159840.1598368744,-182.7514602367651,True,True,True,True,tech,0.43326602591597685,0.0,0.0,0.0,0.17582610747005017,0.390907866613973,0.43326602591597685,0.0,0.0,0.0,17.6,39.1,43.3,Техпроцесс,Рециркуляция (Подача>Обратка) или низкий ΔT + всплеск ХВС.,True
2025-04-27 11:00:00,0.15,0.0,0.15,0.0,139860.13986013984,-140.94725228875012,True,True,True,True,tech,0.43326602591597685,0.0,0.0,0.0,0.17582610747005017,0.390907866613973,0.43326602591597685,0.0,0.0,0.0,17.6,39.1,43.3,Техпроцесс,Рециркуляция (Подача>Обратка) или низкий ΔT + всплеск ХВС.,True
2025-04-27 12:00:00,0.21,0.0,0.21,0.0,26.30158803593361,-34.00102712143623,True,True,True,True,tech,0.43326602591597685,0.0,0.0,2.7610525816539233e-133,0.17582610747005017,0.390907866613973,0.43326602591597685,0.0,0.0,0.0,17.6,39.1,43.3,Техпроцесс,Рециркуляция (Подача>Обратка) или низкий ΔT + всплеск ХВС.,True
2025-04-27 13:00:00,0.23,0.0,0.23,0.0,28.999186808849963,-36.59856799636423,True,True,True,True,tech,0.43326602591597685,0.0,0.0,6.375718802837008e-164,0.17582610747005017,0.390907866613973,0.43326602591597685,0.0,0.0,0.0,17.6,39.1,43.3,Техпроцесс,Рециркуляция (Подача>Обратка) или низкий ΔT + всплеск ХВС.,True
2025-04-27 14:00:00,0.26,0.0,0.26,0.0,33.04558496822419,-39.215185879896104,True,True,True,True,tech,0.43326602591597685,0.0,0.0,8.394642913872448e-216,0.17582610747005017,0.390907866613973,0.43326602591597685,0.0,0.0,0.0,17.6,39.1,43.3,Техпроцесс,Рециркуляция (Подача>Обратка) или низкий ΔT + всплеск ХВС.,True
2025-04-27 15:00:00,0.21,0.0,0.21,0.0,26.30158803593361,-34.00102712143623,True,True,True,True,tech,0.43326602591597685,0.0,0.0,2.7610525816539233e-133,0.17582610747005017,0.390907866613973,0.43326602591597685,0.0,0.0,0.0,17.6,39.1,43.3,Техпроцесс,Рециркуляция (Подача>Обратка) или низкий ΔT + всплеск ХВС.,True
2025-04-27 16:00:00,0.19,0.0,0.19,0.0,179820.17981648367,-229.94545855562046,True,True,True,True,tech,0.43326602591597685,0.0,0.0,0.0,0.17582610747005017,0.390907866613973,0.43326602591597685,0.0,0.0,0.0,17.6,39.1,43.3,Техпроцесс,Рециркуляция (Подача>Обратка) или низкий ΔT + всплеск ХВС.,True
2025-04-27 17:00:00,0.23,0.0,0.23,0.0,28.999186808849963,-36.59856799636423,True,True,True,True,tech,0.43326602591597685,0.0,0.0,6.375718802837008e-164,0.17582610747005017,0.390907866613973,0.43326602591597685,0.0,0.0,0.0,17.6,39.1,43.3,Техпроцесс,Рециркуляция (Подача>Обратка) или низкий ΔT + всплеск ХВС.,True
2025-04-27 18:00:00,0.3,0.0,0.3,0.0,18.8844662518064,-21.738850214078088,True,True,True,True,tech,0.43326602591597685,0.0,5.011107555289578e-147,2.4336124918399376e-65,0.17582610747005017,0.390907866613973,0.43326602591597685,0.0,0.0,0.0,17.6,39.1,43.3,Техпроцесс,Рециркуляция (Подача>Обратка) или низкий ΔT + всплеск ХВС.,True
2025-04-27 19:00:00,0.4,0.0,0.4,0.0,50.579976992180306,-73.89909271990288,True,True,True,True,tech,0.43326602591597685,0.0,0.0,0.0,0.17582610747005017,0.390907866613973,0.43326602591597685,0.0,0.0,0.0,17.6,39.1,43.3,Техпроцесс,Рециркуляция (Подача>Обратка) или низкий ΔT + всплеск ХВС.,True
2025-04-27 20:00:00,0.3,0.0,0.3,0.0,18.8844662518064,-21.738850214078088,True,True,True,True,tech,0.43326602591597685,0.0,5.011107555289578e-147,2.4336124918399376e-65,0.17582610747005017,0.390907866613973,0.43326602591597685,0.0,0.0,0.0,17.6,39.1,43.3,Техпроцесс,Рециркуляция (Подача>Обратка) или низкий ΔT + всплеск ХВС.,True
2025-04-27 21:00:00,0.26,0.0,0.26,0.0,33.04558496822419,-39.215185879896104,True,True,True,True,tech,0.43326602591597685,0.0,0.0,8.394642913872448e-216,0.17582610747005017,0.390907866613973,0.43326602591597685,0.0,0.0,0.0,17.6,39.1,43.3,Техпроцесс,Рециркуляция (Подача>Обратка) или низкий ΔT + всплеск ХВС.,True
2025-04-27 22:00:00,0.21,0.0,0.21,0.0,26.30158803593361,-34.00102712143623,True,True,True,True,tech,0.43326602591597685,0.0,0.0,2.7610525816539233e-133,0.17582610747005017,0.390907866613973,0.43326602591597685,0.0,0.0,0.0,17.6,39.1,43.3,Техпроцесс,Рециркуляция (Подача>Обратка) или низкий ΔT + всплеск ХВС.,True
2025-04-27 23:00:00,0.13,0.0,0.13,0.0,15.511192944268517,-20.099368667121194,True,True,True,True,tech,0.43326602591597685,0.0,2.7252422959002505e-111,2.4181171642776213e-42,0.17582610747005017,0.390907866613973,0.43326602591597685,0.0,0.0,0.0,17.6,39.1,43.3,Техпроцесс,Рециркуляция (Подача>Обратка) или низкий ΔT + всплеск ХВС.,True
2025-04-28 00:00:00,0.11,0.0,0.11,0.0,11.464794784894153,-15.512980235756341,True,True,True,True,tech,0.43326602591597685,0.0,1.2793925323229482e-59,2.8204559644840958e-21,0.17582610747005017,0.390907866613973,0.43326602591597685,0.0,0.0,0.0,17.6,39.1,43.3,Техпроцесс,Рециркуляция (Подача>Обратка) или низкий ΔT + всплеск ХВС.,True
2025-04-28 01:00:00,0.04,0.0,0.04,0.0,4.720797852603472,-6.070375850221056,True,True,True,True,tech,0.40969543264300673,0.0,9.579016248455868e-06,0.054392547767496066,0.1662607932795722,0.3696416472936765,0.40969543264300673,0.0,0.0,5.4,16.6,37.0,41.0,Техпроцесс,Рециркуляция (Подача>Обратка) или низкий ΔT + всплеск ХВС.,True
2025-04-28 02:00:00,0.05,0.0,0.05,0.0,4.720797852603476,-7.4193232152043285,True,True,True,True,tech,0.40969935064253477,0.0,1.590744862322402e-08,0.054393067934330415,0.1662623832648581,0.36964518225082815,0.40969935064253477,0.0,0.0,5.4,16.6,37.0,41.0,Техпроцесс,Рециркуляция (Подача>Обратка) или низкий ΔT + всплеск ХВС.,True
2025-04-28 03:00:00,0.05,0.0,0.05,0.0,4.720797852603476,-7.4193232152043285,True,True,True,True,tech,0.40969935064253477,0.0,1.590744862322402e-08,0.054393067934330415,0.1662623832648581,0.36964518225082815,0.40969935064253477,0.0,0.0,5.4,16.6,37.0,41.0,Техпроцесс,Рециркуляция (Подача>Обратка) или низкий ΔT + всплеск ХВС.,True
2025-04-28 04:00:00,0.06,0.0,0.06,0.0,7.418396625519735,-8.768296992503664,True,True,True,True,tech,0.433265915491472,0.0,7.728120747807238e-17,2.548653673775644e-07,0.1758260626580647,0.3909077669850959,0.433265915491472,0.0,0.0,0.0,17.6,39.1,43.3,Техпроцесс,Рециркуляция (Подача>Обратка) или низкий ΔT + всплеск ХВС.,True
2025-04-28 05:00:00,0.2,0.0,0.2,0.0,11.465568795739616,-14.164072184602391,True,True,True,True,tech,0.43326602591597685,0.0,4.216287268897137e-52,2.7987850229356005e-21,0.17582610747005017,0.390907866613973,0.43326602591597685,0.0,0.0,0.0,17.6,39.1,43.3,Техпроцесс,Рециркуляция (Подача>Обратка) или низкий ΔT + всплеск ХВС.,True
2025-04-28 06:00:00,0.13,0.0,0.13,0.0,14.162393557810406,-18.210843642260347,True,True,True,True,tech,0.43326602591597685,0.0,1.0594939967452829e-89,1.5698295026473998e-34,0.17582610747005017,0.390907866613973,0.43326602591597685,0.0,0.0,0.0,17.6,39.1,43.3,Техпроцесс,Рециркуляция (Подача>Обратка) или низкий ΔT + всплеск ХВС.,True
2025-04-28 07:00:00,0.13,0.0,0.13,0.0,14.162393557810406,-18.210843642260347,True,True,True,True,tech,0.43326602591597685,0.0,1.0594939967452829e-89,1.5698295026473998e-34,0.17582610747005017,0.390907866613973,0.43326602591597685,0.0,0.0,0.0,17.6,39.1,43.3,Техпроцесс,Рециркуляция (Подача>Обратка) или низкий ΔT + всплеск ХВС.,True
2025-04-28 08:00:00,0.21,0.0,0.21,0.0,12.140014019018402,-14.838542028484259,True,True,True,True,tech,0.43326602591597685,0.0,1.2352396658770748e-58,2.6865886540317775e-24,0.17582610747005017,0.390907866613973,0.43326602591597685,0.0,0.0,0.0,17.6,39.1,43.3,Техпроцесс,Рециркуляция (Подача>Обратка) или низкий ΔT + всплеск ХВС.,True
2025-04-28 09:00:00,0.17,0.0,0.17,0.0,19.557591103643,-23.606526298786495,True,True,True,True,tech,0.43326602591597685,0.0,7.899039462975468e-169,1.606145866659776e-70,0.17582610747005017,0.390907866613973,0.43326602591597685,0.0,0.0,0.0,17.6,39.1,43.3,Техпроцесс,Рециркуляция (Подача>Обратка) или низкий ΔT + всплеск ХВС.,True
2025-04-28 10:00:00,0.17,0.0,0.17,0.0,19.557591103643,-23.606526298786495,True,True,True,True,tech,0.43326602591597685,0.0,7.899039462975468e-169,1.606145866659776e-70,0.17582610747005017,0.390907866613973,0.43326602591597685,0.0,0.0,0.0,17.6,39.1,43.3,Техпроцесс,Рециркуляция (Подача>Обратка) или низкий ΔT + всплеск ХВС.,True
2025-04-28 11:00:00,0.15,0.0,0.15,0.0,16.859992330726673,-20.90869230725233,True,True,True,True,tech,0.43326602591597685,0.0,4.187340379139414e-126,6.039593472295045e-51,0.17582610747005017,0.390907866613973,0.43326602591597685,0.0,0.0,0.0,17.6,39.1,43.3,Техпроцесс,Рециркуляция (Подача>Обратка) или низкий ΔT + всплеск ХВС.,True
2025-04-28 12:00:00,0.15,0.0,0.15,0.0,16.859992330726673,-20.90869230725233,True,True,True,True,tech,0.43326602591597685,0.0,4.187340379139414e-126,6.039593472295045e-51,0.17582610747005017,0.390907866613973,0.43326602591597685,0.0,0.0,0.0,17.6,39.1,43.3,Техпроцесс,Рециркуляция (Подача>Обратка) или низкий ΔT + всплеск ХВС.,True
2025-04-28 13:00:00,0.13,0.0,0.13,0.0,14.162393557810406,-18.210843642260347,True,True,True,True,tech,0.43326602591597685,0.0,1.0594939967452829e-89,1.5698295026473998e-34,0.17582610747005017,0.390907866613973,0.43326602591597685,0.0,0.0,0.0,17.6,39.1,43.3,Техпроцесс,Рециркуляция (Подача>Обратка) или низкий ΔT + всплеск ХВС.,True
2025-04-28 14:00:00,0.11,0.0,0.11,0.0,11.464794784894153,-15.512980235756341,True,True,True,True,tech,0.43326602591597685,0.0,1.2793925323229482e-59,2.8204559644840958e-21,0.17582610747005017,0.390907866613973,0.43326602591597685,0.0,0.0,0.0,17.6,39.1,43.3,Техпроцесс,Рециркуляция (Подача>Обратка) или низкий ΔT + всплеск ХВС.,True
2025-04-28 15:00:00,0.11,0.0,0.11,0.0,11.464794784894153,-15.512980235756341,True,True,True,True,tech,0.43326602591597685,0.0,1.2793925323229482e-59,2.8204559644840958e-21,0.17582610747005017,0.390907866613973,0.43326602591597685,0.0,0.0,0.0,17.6,39.1,43.3,Техпроцесс,Рециркуляция (Подача>Обратка) или низкий ΔT + всплеск ХВС.,True
2025-04-28 16:00:00,0.13,0.0,0.13,0.0,14.162393557810406,-18.210843642260347,True,True,True,True,tech,0.43326602591597685,0.0,1.0594939967452829e-89,1.5698295026473998e-34,0.17582610747005017,0.390907866613973,0.43326602591597685,0.0,0.0,0.0,17.6,39.1,43.3,Техпроцесс,Рециркуляция (Подача>Обратка) или низкий ΔT + всплеск ХВС.,True
2025-04-28 17:00:00,0.17,0.0,0.17,0.0,19.557591103643,-23.606526298786495,True,True,True,True,tech,0.43326602591597685,0.0,7.899039462975468e-169,1.606145866659776e-70,0.17582610747005017,0.390907866613973,0.43326602591597685,0.0,0.0,0.0,17.6,39.1,43.3,Техпроцесс,Рециркуляция (Подача>Обратка) или низкий ΔT + всплеск ХВС.,True
2025-04-28 18:00:00,0.3,0.0,0.3,0.0,16.861130581970002,-20.90869230725233,True,True,True,True,tech,0.43326602591597685,0.0,4.117106972034678e-126,5.934913928480175e-51,0.17582610747005017,0.390907866613973,0.43326602591597685,0.0,0.0,0.0,17.6,39.1,43.3,Техпроцесс,Рециркуляция (Подача>Обратка) или низкий ΔT + всплеск ХВС.,True
2025-04-28 19:00:00,0.4,0.0,0.4,0.0,11.128721845050359,-14.164065505732747,True,True,True,True,tech,0.43326602591597685,0.0,9.661666484101778e-51,7.589296021161907e-20,0.17582610747005017,0.390907866613973,0.43326602591597685,0.0,0.0,0.0,17.6,39.1,43.3,Техпроцесс,Рециркуляция (Подача>Обратка) или низкий ΔT + всплеск ХВС.,True
2025-04-28 20:00:00,0.34,0.0,0.34,0.0,12.814747625236182,-15.962646685394445,True,True,True,True,tech,0.43326602591597685,0.0,3.016220250402098e-68,1.6310431191072127e-27,0.17582610747005017,0.390907866613973,0.43326602591597685,0.0,0.0,0.0,17.6,39.1,43.3,Техпроцесс,Рециркуляция (Подача>Обратка) или низкий ΔT + всплеск ХВС.,True
2025-04-28 21:00:00,0.26,0.0,0.26,0.0,14.163349688854801,-18.210843642260347,True,True,True,True,tech,0.43326602591597685,0.0,1.0472441904978736e-89,1.5509376007386561e-34,0.17582610747005017,0.390907866613973,0.43326602591597685,0.0,0.0,0.0,17.6,39.1,43.3,Техпроцесс,Рециркуляция (Подача>Обратка) или низкий ΔT + всплеск ХВС.,True
2025-04-28 22:00:00,0.21,0.0,0.21,0.0,12.140014019018402,-14.838542028484259,True,True,True,True,tech,0.43326602591597685,0.0,1.2352396658770748e-58,2.6865886540317775e-24,0.17582610747005017,0.390907866613973,0.43326602591597685,0.0,0.0,0.0,17.6,39.1,43.3,Техпроцесс,Рециркуляция (Подача>Обратка) или низкий ΔT + всплеск ХВС.,True
2025-04-28 23:00:00,0.13,0.0,0.13,0.0,14.162393557810406,-18.210843642260347,True,True,True,True,tech,0.43326602591597685,0.0,1.0594939967452829e-89,1.5698295026473998e-34,0.17582610747005017,0.390907866613973,0.43326602591597685,0.0,0.0,0.0,17.6,39.1,43.3,Техпроцесс,Рециркуляция (Подача>Обратка) или низкий ΔT + всплеск ХВС.,True
2025-04-29 00:00:00,0.12,0.0,0.12,0.0,15.51119294426856,-15.513036095252172,True,True,True,True,tech,0.43326602591597685,0.0,8.288924910736245e-80,2.418117164276178e-42,0.17582610747005017,0.390907866613973,0.43326602591597685,0.0,0.0,0.0,17.6,39.1,43.3,Техпроцесс,Рециркуляция (Подача>Обратка) или низкий ΔT + всплеск ХВС.,True
2025-04-29 01:00:00,0.05,0.0,0.05,0.0,6.069597239061606,-6.070375850221056,True,True,True,True,tech,0.4331357412542625,0.0,1.0391018742083802e-07,0.0003005997081932413,0.17577323592332814,0.3907903192040286,0.4331357412542625,0.0,0.0,0.0,17.6,39.1,43.3,Техпроцесс,Рециркуляция (Подача>Обратка) или низкий ΔT + всплеск ХВС.,True
2025-04-29 02:00:00,0.06,0.0,0.06,0.0,7.418396625519747,-7.4193382428902135,True,True,True,True,tech,0.43326591549134763,0.0,2.871498283264323e-13,2.54865367377474e-07,0.1758260626580142,0.3909077669849837,0.43326591549134763,0.0,0.0,0.0,17.6,39.1,43.3,Техпроцесс,Рециркуляция (Подача>Обратка) или низкий ΔT + всплеск ХВС.,True
2025-04-29 03:00:00,0.06,0.0,0.06,0.0,7.418396625519747,-7.4193382428902135,True,True,True,True,tech,0.43326591549134763,0.0,2.871498283264323e-13,2.54865367377474e-07,0.1758260626580142,0.3909077669849837,0.43326591549134763,0.0,0.0,0.0,17.6,39.1,43.3,Техпроцесс,Рециркуляция (Подача>Обратка) или низкий ΔT + всплеск ХВС.,True
2025-04-29 04:00:00,0.07,0.0,0.07,0.0,69930.06993006993,-999000.999000999,True,True,True,True,tech,0.43326602591597685,0.0,0.0,0.0,0.17582610747005017,0.390907866613973,0.43326602591597685,0.0,0.0,0.0,17.6,39.1,43.3,Техпроцесс,Рециркуляция (Подача>Обратка) или низкий ΔT + всплеск ХВС.,True
2025-04-29 05:00:00,0.22,0.0,0.22,0.0,199800.19979609296,-340.49093555413464,True,True,True,True,tech,0.43326602591597685,0.0,0.0,0.0,0.17582610747005017,0.390907866613973,0.43326602591597685,0.0,0.0,0.0,17.6,39.1,43.3,Техпроцесс,Рециркуляция (Подача>Обратка) или низкий ΔT + всплеск ХВС.,True
2025-04-29 06:00:00,0.14,0.0,0.14,0.0,129870.12986746043,-263.65112356307486,True,True,True,True,tech,0.43326602591597685,0.0,0.0,0.0,0.17582610747005017,0.390907866613973,0.43326602591597685,0.0,0.0,0.0,17.6,39.1,43.3,Техпроцесс,Рециркуляция (Подача>Обратка) или низкий ΔT + всплеск ХВС.,True
2025-04-29 07:00:00,0.14,0.0,0.14,0.0,129870.12986746043,-263.65112356307486,True,True,True,True,tech,0.43326602591597685,0.0,0.0,0.0,0.17582610747005017,0.390907866613973,0.43326602591597685,0.0,0.0,0.0,17.6,39.1,43.3,Техпроцесс,Рециркуляция (Подача>Обратка) или низкий ΔT + всплеск ХВС.,True
2025-04-29 08:00:00,0.23,0.0,0.23,0.0,28.999186808849963,-34.65469629435947,True,True,True,True,tech,0.43326602591597685,0.0,0.0,6.375718802837008e-164,0.17582610747005017,0.390907866613973,0.43326602591597685,0.0,0.0,0.0,17.6,39.1,43.3,Техпроцесс,Рециркуляция (Подача>Обратка) или низкий ΔT + всплеск ХВС.,True
2025-04-29 09:00:00,0.18,0.0,0.18,0.0,169830.16983016982,-486.0584285646048,True,True,True,True,tech,0.43326602591597685,0.0,0.0,0.0,0.17582610747005017,0.390907866613973,0.43326602591597685,0.0,0.0,0.0,17.6,39.1,43.3,Техпроцесс,Рециркуляция (Подача>Обратка) или низкий ΔT + всплеск ХВС.,True
2025-04-29 10:00:00,0.18,0.0,0.18,0.0,169830.16983016982,-486.0584285646048,True,True,True,True,tech,0.43326602591597685,0.0,0.0,0.0,0.17582610747005017,0.390907866613973,0.43326602591597685,0.0,0.0,0.0,17.6,39.1,43.3,Техпроцесс,Рециркуляция (Подача>Обратка) или низкий ΔT + всплеск ХВС.,True
2025-04-29 11:00:00,0.16,0.0,0.16,0.0,20.906390490101074,-22.25768412382202,True,True,True,True,tech,0.43326602591597685,0.0,3.0173510122273493e-167,1.7101409028371705e-81,0.17582610747005017,0.390907866613973,0.43326602591597685,0.0,0.0,0.0,17.6,39.1,43.3,Техпроцесс,Рециркуляция (Подача>Обратка) или низкий ΔT + всплеск ХВС.,True
2025-04-29 12:00:00,0.16,0.0,0.16,0.0,20.906390490101074,-22.25768412382202,True,True,True,True,tech,0.43326602591597685,0.0,3.0173510122273493e-167,1.7101409028371705e-81,0.17582610747005017,0.390907866613973,0.43326602591597685,0.0,0.0,0.0,17.6,39.1,43.3,Техпроцесс,Рециркуляция (Подача>Обратка) или низкий ΔT + всплеск ХВС.,True
2025-04-29 13:00:00,0.14,0.0,0.14,0.0,129870.12986746043,-263.65112356307486,True,True,True,True,tech,0.43326602591597685,0.0,0.0,0.0,0.17582610747005017,0.390907866613973,0.43326602591597685,0.0,0.0,0.0,17.6,39.1,43.3,Техпроцесс,Рециркуляция (Подача>Обратка) или низкий ΔT + всплеск ХВС.,True
2025-04-29 14:00:00,0.12,0.0,0.12,0.0,15.51119294426856,-15.513036095252172,True,True,True,True,tech,0.43326602591597685,0.0,8.288924910736245e-80,2.418117164276178e-42,0.17582610747005017,0.390907866613973,0.43326602591597685,0.0,0.0,0.0,17.6,39.1,43.3,Техпроцесс,Рециркуляция (Подача>Обратка) или низкий ΔT + всплеск ХВС.,True
2025-04-29 15:00:00,0.12,0.0,0.12,0.0,15.51119294426856,-15.513036095252172,True,True,True,True,tech,0.43326602591597685,0.0,8.288924910736245e-80,2.418117164276178e-42,0.17582610747005017,0.390907866613973,0.43326602591597685,0.0,0.0,0.0,17.6,39.1,43.3,Техпроцесс,Рециркуляция (Подача>Обратка) или низкий ΔT + всплеск ХВС.,True
2025-04-29 16:00:00,0.14,0.0,0.14,0.0,129870.12986746043,-263.65112356307486,True,True,True,True,tech,0.43326602591597685,0.0,0.0,0.0,0.17582610747005017,0.390907866613973,0.43326602591597685,0.0,0.0,0.0,17.6,39.1,43.3,Техпроцесс,Рециркуляция (Подача>Обратка) или низкий ΔT + всплеск ХВС.,True
2025-04-29 17:00:00,0.18,0.0,0.18,0.0,169830.16983016982,-486.0584285646048,True,True,True,True,tech,0.43326602591597685,0.0,0.0,0.0,0.17582610747005017,0.390907866613973,0.43326602591597685,0.0,0.0,0.0,17.6,39.1,43.3,Техпроцесс,Рециркуляция (Подача>Обратка) или низкий ΔT + всплеск ХВС.,True
2025-04-29 18:00:00,0.32,0.0,0.32,0.0,41.13838128697308,-41.29631802033919,True,True,True,True,tech,0.43326602591597685,0.0,0.0,0.0,0.17582610747005017,0.390907866613973,0.43326602591597685,0.0,0.0,0.0,17.6,39.1,43.3,Техпроцесс,Рециркуляция (Подача>Обратка) или низкий ΔT + всплеск ХВС.,True
2025-04-29 19:00:00,0.44,0.0,0.44,0.0,409590.40957357164,-444.2779379723165,True,True,True,True,tech,0.6407819778803637,0.0,0.0,0.0,0.11144542139805094,0.24777260072158538,0.6407819778803637,0.0,0.0,0.0,11.1,24.8,64.1,Техпроцесс,Рециркуляция (Подача>Обратка) или низкий ΔT + всплеск ХВС.,True
2025-04-29 20:00:00,0.37,0.0,0.37,0.0,349650.34965034964,-946.7122416230674,True,True,True,True,tech,0.43326602591597685,0.0,0.0,0.0,0.17582610747005017,0.390907866613973,0.43326602591597685,0.0,0.0,0.0,17.6,39.1,43.3,Техпроцесс,Рециркуляция (Подача>Обратка) или низкий ΔT + всплеск ХВС.,True
2025-04-29 21:00:00,0.28,0.0,0.28,0.0,269730.26971918135,-1055.7694023478373,True,True,True,True,tech,0.43326602591597685,0.0,0.0,0.0,0.17582610747005017,0.390907866613973,0.43326602591597685,0.0,0.0,0.0,17.6,39.1,43.3,Техпроцесс,Рециркуляция (Подача>Обратка) или низкий ΔT + всплеск ХВС.,True
2025-04-29 22:00:00,0.23,0.0,0.23,0.0,28.999186808849963,-34.65469629435947,True,True,True,True,tech,0.43326602591597685,0.0,0.0,6.375718802837008e-164,0.17582610747005017,0.390907866613973,0.43326602591597685,0.0,0.0,0.0,17.6,39.1,43.3,Техпроцесс,Рециркуляция (Подача>Обратка) или низкий ΔT + всплеск ХВС.,True
2025-04-29 23:00:00,0.14,0.0,0.14,0.0,129870.12986746043,-263.65112356307486,True,True,True,True,tech,0.43326602591597685,0.0,0.0,0.0,0.17582610747005017,0.390907866613973,0.43326602591597685,0.0,0.0,0.0,17.6,39.1,43.3,Техпроцесс,Рециркуляция (Подача>Обратка) или низкий ΔT + всплеск ХВС.,True
2025-04-30 00:00:00,0.1,0.0,0.1,0.0,12.813594171352271,-12.81515138315749,True,True,True,True,tech,0.43326602591597685,0.0,2.6288146774116393e-51,1.652468341927092e-27,0.17582610747005017,0.390907866613973,0.43326602591597685,0.0,0.0,0.0,17.6,39.1,43.3,Техпроцесс,Рециркуляция (Подача>Обратка) или низкий ΔT + всплеск ХВС.,True
2025-04-30 01:00:00,0.04,0.0,0.04,0.0,39960.03996003996,-999000.999000999,True,True,True,True,tech,0.43326602591597685,0.0,0.0,0.0,0.17582610747005017,0.390907866613973,0.43326602591597685,0.0,0.0,0.0,17.6,39.1,43.3,Техпроцесс,Рециркуляция (Подача>Обратка) или низкий ΔT + всплеск ХВС.,True
2025-04-30 02:00:00,0.05,0.0,0.05,0.0,6.069597239061606,-6.070375850221056,True,True,True,True,tech,0.4331357412542625,0.0,1.0391018742083802e-07,0.0003005997081932413,0.17577323592332814,0.3907903192040286,0.4331357412542625,0.0,0.0,0.0,17.6,39.1,43.3,Техпроцесс,Рециркуляция (Подача>Обратка) или низкий ΔT + всплеск ХВС.,True
2025-04-30 03:00:00,0.05,0.0,0.05,0.0,6.069597239061606,-6.070375850221056,True,True,True,True,tech,0.4331357412542625,0.0,1.0391018742083802e-07,0.0003005997081932413,0.17577323592332814,0.3907903192040286,0.4331357412542625,0.0,0.0,0.0,17.6,39.1,43.3,Техпроцесс,Рециркуляция (Подача>Обратка) или низкий ΔT + всплеск ХВС.,True
2025-04-30 04:00:00,0.06,0.0,0.06,0.0,7.418396625519747,-7.4193382428902135,True,True,True,True,tech,0.43326591549134763,0.0,2.871498283264323e-13,2.54865367377474e-07,0.1758260626580142,0.3909077669849837,0.43326591549134763,0.0,0.0,0.0,17.6,39.1,43.3,Техпроцесс,Рециркуляция (Подача>Обратка) или низкий ΔT + всплеск ХВС.,True
2025-04-30 05:00:00,0.2,0.0,0.2,0.0,12.140014019018418,-12.140669731412371,True,True,True,True,tech,0.43326602591597685,0.0,3.579231854312012e-45,2.6865886540313198e-24,0.17582610747005017,0.390907866613973,0.43326602591597685,0.0,0.0,0.0,17.6,39.1,43.3,Техпроцесс,Рециркуляция (Подача>Обратка) или низкий ΔT + всплеск ХВС.,True
2025-04-30 06:00:00,0.12,0.0,0.12,0.0,15.51119294426856,-15.513036095252172,True,True,True,True,tech,0.43326602591597685,0.0,8.288924910736245e-80,2.418117164276178e-42,0.17582610747005017,0.390907866613973,0.43326602591597685,0.0,0.0,0.0,17.6,39.1,43.3,Техпроцесс,Рециркуляция (Подача>Обратка) или низкий ΔT + всплеск ХВС.,True
2025-04-30 07:00:00,0.12,0.0,0.12,0.0,15.51119294426856,-15.513036095252172,True,True,True,True,tech,0.43326602591597685,0.0,8.288924910736245e-80,2.418117164276178e-42,0.17582610747005017,0.390907866613973,0.43326602591597685,0.0,0.0,0.0,17.6,39.1,43.3,Техпроцесс,Рециркуляция (Подача>Обратка) или низкий ΔT + всплеск ХВС.,True
2025-04-30 08:00:00,0.21,0.0,0.21,0.0,12.814459242297202,-12.81514273093527,True,True,True,True,tech,0.43326602591597685,0.0,2.6045807619747882e-51,1.6363738047655474e-27,0.17582610747005017,0.390907866613973,0.43326602591597685,0.0,0.0,0.0,17.6,39.1,43.3,Техпроцесс,Рециркуляция (Подача>Обратка) или низкий ΔT + всплеск ХВС.,True
2025-04-30 09:00:00,0.17,0.0,0.17,0.0,10.116678349182017,-10.11724526833757,True,True,True,True,tech,0.4332660259159765,0.0,3.9560699364176273e-29,7.759886923217211e-16,0.17582610747005004,0.39090786661397264,0.4332660259159765,0.0,0.0,0.0,17.6,39.1,43.3,Техпроцесс,Рециркуляция (Подача>Обратка) или низкий ΔT + всплеск ХВС.,True
2025-04-30 10:00:00,0.17,0.0,0.17,0.0,10.116678349182017,-10.11724526833757,True,True,True,True,tech,0.4332660259159765,0.0,3.9560699364176273e-29,7.759886923217211e-16,0.17582610747005004,0.39090786661397264,0.4332660259159765,0.0,0.0,0.0,17.6,39.1,43.3,Техпроцесс,Рециркуляция (Подача>Обратка) или низкий ΔT + всплеск ХВС.,True
2025-04-30 11:00:00,0.15,0.0,0.15,0.0,8.767787902624402,-8.768291072514192,True,True,True,True,tech,0.4332660259008658,0.0,2.076524892660255e-20,3.487707645131652e-11,0.17582610746391789,0.39090786660033927,0.4332660259008658,0.0,0.0,0.0,17.6,39.1,43.3,Техпроцесс,Рециркуляция (Подача>Обратка) или низкий ΔT + всплеск ХВС.,True
2025-04-30 12:00:00,0.15,0.0,0.15,0.0,8.767787902624402,-8.768291072514192,True,True,True,True,tech,0.4332660259008658,0.0,2.076524892660255e-20,3.487707645131652e-11,0.17582610746391789,0.39090786660033927,0.4332660259008658,0.0,0.0,0.0,17.6,39.1,43.3,Техпроцесс,Рециркуляция (Подача>Обратка) или низкий ΔT + всплеск ХВС.,True
2025-04-30 13:00:00,0.12,0.0,0.12,0.0,15.51119294426856,-15.513036095252172,True,True,True,True,tech,0.43326602591597685,0.0,8.288924910736245e-80,2.418117164276178e-42,0.17582610747005017,0.390907866613973,0.43326602591597685,0.0,0.0,0.0,17.6,39.1,43.3,Техпроцесс,Рециркуляция (Подача>Обратка) или низкий ΔT + всплеск ХВС.,True
2025-04-30 14:00:00,0.1,0.0,0.1,0.0,12.813594171352271,-12.81515138315749,True,True,True,True,tech,0.43326602591597685,0.0,2.6288146774116393e-51,1.652468341927092e-27,0.17582610747005017,0.390907866613973,0.43326602591597685,0.0,0.0,0.0,17.6,39.1,43.3,Техпроцесс,Рециркуляция (Подача>Обратка) или низкий ΔT + всплеск ХВС.,True
2025-04-30 15:00:00,0.1,0.0,0.1,0.0,12.813594171352271,-12.81515138315749,True,True,True,True,tech,0.43326602591597685,0.0,2.6288146774116393e-51,1.652468341927092e-27,0.17582610747005017,0.390907866613973,0.43326602591597685,0.0,0.0,0.0,17.6,39.1,43.3,Техпроцесс,Рециркуляция (Подача>Обратка) или низкий ΔT + всплеск ХВС.,True
2025-04-30 16:00:00,0.12,0.0,0.12,0.0,15.51119294426856,-15.513036095252172,True,True,True,True,tech,0.43326602591597685,0.0,8.288924910736245e-80,2.418117164276178e-42,0.17582610747005017,0.390907866613973,0.43326602591597685,0.0,0.0,0.0,17.6,39.1,43.3,Техпроцесс,Рециркуляция (Подача>Обратка) или низкий ΔT + всплеск ХВС.,True
2025-04-30 17:00:00,0.17,0.0,0.17,0.0,10.116678349182017,-10.11724526833757,True,True,True,True,tech,0.4332660259159765,0.0,3.9560699364176273e-29,7.759886923217211e-16,0.17582610747005004,0.39090786661397264,0.4332660259159765,0.0,0.0,0.0,17.6,39.1,43.3,Техпроцесс,Рециркуляция (Подача>Обратка) или низкий ΔT + всплеск ХВС.,True
2025-04-30 18:00:00,0.29,0.0,0.29,0.0,11.915467090131866,-11.915847877535837,True,True,True,True,tech,0.43326602591597685,0.0,3.242187013778183e-43,2.8566766740915295e-23,0.17582610747005017,0.390907866613973,0.43326602591597685,0.0,0.0,0.0,17.6,39.1,43.3,Техпроцесс,Рециркуляция (Подача>Обратка) или низкий ΔT + всплеск ХВС.,True
2025-04-30 19:00:00,0.39,0.0,0.39,0.0,15.962229498101207,-15.962667760876526,True,True,True,True,tech,0.43326602591597685,0.0,3.5082369081848415e-85,3.9332549629160197e-45,0.17582610747005017,0.390907866613973,0.43326602591597685,0.0,0.0,0.0,17.6,39.1,43.3,Техпроцесс,Рециркуляция (Подача>Обратка) или низкий ΔT + всплеск ХВС.,True
2025-04-30 20:00:00,0.33,0.0,0.33,0.0,13.26438789278833,-13.26478790604844,True,True,True,True,tech,0.43326602591597685,0.0,1.2669241218546766e-55,9.100421261228117e-30,0.17582610747005017,0.390907866613973,0.43326602591597685,0.0,0.0,0.0,17.6,39.1,43.3,Техпроцесс,Рециркуляция (Подача>Обратка) или низкий ΔT + всплеск ХВС.,True
2025-04-30 21:00:00,0.25,0.0,0.25,0.0,10.11690601992329,-10.117247545249418,True,True,True,True,tech,0.4332660259159765,0.0,3.948693062163141e-29,7.744678565979579e-16,0.17582610747005004,0.39090786661397264,0.4332660259159765,0.0,0.0,0.0,17.6,39.1,43.3,Техпроцесс,Рециркуляция (Подача>Обратка) или низкий ΔT + всплеск ХВС.,True
2025-04-30 22:00:00,0.21,0.0,0.21,0.0,12.814459242297202,-12.81514273093527,True,True,True,True,tech,0.43326602591597685,0.0,2.6045807619747882e-51,1.6363738047655474e-27,0.17582610747005017,0.390907866613973,0.43326602591597685,0.0,0.0,0.0,17.6,39.1,43.3,Техпроцесс,Рециркуляция (Подача>Обратка) или низкий ΔT + всплеск ХВС.,True
2025-04-30 23:00:00,0.12,0.0,0.12,0.0,15.51119294426856,-15.513036095252172,True,True,True,True,tech,0.43326602591597685,0.0,8.288924910736245e-80,2.418117164276178e-42,0.17582610747005017,0.390907866613973,0.43326602591597685,0.0,0.0,0.0,17.6,39.1,43.3,Техпроцесс,Рециркуляция (Подача>Обратка) или низкий ΔT + всплеск ХВС.,True
