Дата,"Время суток, ч","Подача, м3","Обратка, м3","Потребление за период, м3 ГВС","Т1 гвс, оС","Т2 гвс, оС","Потребление накопленным итогом, м3","Потребление за период, м3 ХВС",Индекс_времени,Погода,День недели
01.04.2025,0-1,0.23,0.12,0.11,60,42,12345.6,0.11,1,8.4,1
01.04.2025,1-2,0.09,0.0499999999999999,0.04,60,42,12345.706,0.04,2,7.8,1
01.04.2025,2-3,0.11,0.06,0.05,60,42,12345.749,0.05,3,7.5,1
01.04.2025,3-4,0.11,0.06,0.05,60,42,12345.8,0.05,4,7.2,1
01.04.2025,4-5,0.14,0.08,0.06,60,42,12345.851,0.06,5,7.2,1
01.04.2025,5-6,0.44,0.24,0.2,60,42,12345.915,0.2,6,7.2,1
01.04.2025,6-7,0.28,0.15,0.13,60,42,12346.119,0.13,7,7.0,1
01.04.2025,7-8,0.28,0.15,0.13,60,42,12346.247,0.13,8,7.0,1
01.04.2025,8-9,0.46,0.25,0.21,60,42,12346.375,0.21,9,7.4,1
01.04.2025,9-10,0.55,0.38,0.17,60,42,12346.588,0.17,10,7.6,1
01.04.2025,10-11,0.37,0.1999999999999999,0.17,60,42,12346.758,0.17,11,8.3,1
01.04.2025,11-12,0.32,0.17,0.15,60,42,12346.928,0.15,12,8.9,1
01.04.2025,12-13,0.46,0.31,0.15,60,42,12347.077,0.15,13,9.7,1
01.04.2025,13-14,0.51,0.38,0.13,60,42,12347.226,0.13,14,10.1,1
01.04.2025,14-15,0.55,0.44,0.11,60,42,12347.354,0.11,15,10.7,1
01.04.2025,15-16,0.46,0.35,0.11,60,42,12347.46,0.11,16,11.1,1
01.04.2025,16-17,0.42,0.29,0.13,60,42,12347.566,0.13,17,13.0,1
01.04.2025,17-18,0.51,0.3399999999999999,0.17,60,42,12347.694,0.17,18,12.0,1
01.04.2025,18-19,0.65,0.35,0.3,60,42,12347.864,0.3,19,10.1,1
01.04.2025,19-20,0.88,0.48,0.4,60,42,12348.162,0.4,20,8.7,1
01.04.2025,20-21,0.65,0.31,0.34,60,42,12348.566,0.34,21,8.3,1
01.04.2025,21-22,0.55,0.29,0.26,60,42,12348.906,0.26,22,8.0,1
01.04.2025,22-23,0.46,0.25,0.21,60,42,12349.161,0.21,23,7.7,1
01.04.2025,23-24,0.28,0.15,0.13,60,42,12349.374,0.13,24,7.4,1
02.04.2025,0-1,0.25,0.14,0.11,60,41,12349.502,0.12,1,7.2,2
02.04.2025,1-2,0.1,0.05,0.05,60,41,12349.617,0.05,2,7.0,2
02.04.2025,2-3,0.12,0.0699999999999999,0.05,60,41,12349.663,0.06,3,6.9,2
02.04.2025,3-4,0.12,0.0699999999999999,0.05,60,41,12349.718,0.06,4,6.4,2
02.04.2025,4-5,0.15,0.0799999999999999,0.07,60,41,12349.773,0.07,5,6.5,2
02.04.2025,5-6,0.48,0.26,0.22,60,41,12349.842,0.22,6,6.5,2
02.04.2025,6-7,0.3,0.1599999999999999,0.14,60,41,12350.062,0.14,7,6.1,2
02.04.2025,7-8,0.3,0.1599999999999999,0.14,60,41,12350.199,0.14,8,5.9,2
02.04.2025,8-9,0.5,0.27,0.23,60,41,12350.336,0.23,9,6.2,2
02.04.2025,9-10,0.6,0.42,0.18,60,41,12350.565,0.18,10,7.0,2
02.04.2025,10-11,0.4,0.22,0.18,60,41,12350.748,0.18,11,8.2,2
02.04.2025,11-12,0.35,0.1899999999999999,0.16,60,41,12350.931000000002,0.16,12,9.8,2
02.04.2025,12-13,0.5,0.3399999999999999,0.16,60,41,12351.091000000002,0.16,13,11.1,2
02.04.2025,13-14,0.55,0.41,0.14,60,41,12351.251000000002,0.14,14,11.8,2
02.04.2025,14-15,0.6,0.49,0.11,60,41,12351.388000000004,0.12,15,12.0,2
02.04.2025,15-16,0.5,0.39,0.11,60,41,12351.503000000002,0.12,16,12.2,2
02.04.2025,16-17,0.45,0.31,0.14,60,41,12351.618000000002,0.14,17,12.5,2
02.04.2025,17-18,0.55,0.37,0.18,60,41,12351.755000000005,0.18,18,12.0,2
02.04.2025,18-19,0.7,0.3799999999999999,0.32,60,41,12351.938000000004,0.32,19,11.2,2
02.04.2025,19-20,0.94,0.4999999999999999,0.44,60,41,12352.259000000004,0.44,20,9.8,2
02.04.2025,20-21,0.7,0.3299999999999999,0.37,60,41,12352.694000000003,0.37,21,8.6,2
02.04.2025,21-22,0.6,0.3299999999999999,0.27,60,41,12353.060000000003,0.28,22,7.7,2
02.04.2025,22-23,0.5,0.27,0.23,60,41,12353.335000000005,0.23,23,7.1,2
02.04.2025,23-24,0.3,0.1599999999999999,0.14,60,41,12353.564000000002,0.14,24,6.5,2
03.04.2025,0-1,0.2,0.11,0.09,59,40,12353.701000000005,0.1,1,5.9,3
03.04.2025,1-2,0.08,0.04,0.04,59,40,12353.805000000002,0.04,2,5.4,3
03.04.2025,2-3,0.1,0.06,0.04,59,40,12353.846,0.05,3,5.1,3
03.04.2025,3-4,0.1,0.06,0.04,59,40,12353.896,0.05,4,5.3,3
03.04.2025,4-5,0.12,0.06,0.06,59,40,12353.946,0.06,5,5.1,3
03.04.2025,5-6,0.39,0.21,0.18,59,40,12354.008,0.2,6,4.9,3
03.04.2025,6-7,0.24,0.13,0.11,59,40,12354.207,0.12,7,4.6,3
03.04.2025,7-8,0.24,0.13,0.11,59,40,12354.331,0.12,8,4.6,3
03.04.2025,8-9,0.4,0.21,0.19,59,40,12354.455,0.21,9,5.5,3
03.04.2025,9-10,0.49,0.3399999999999999,0.15,59,40,12354.662,0.17,10,6.9,3
03.04.2025,10-11,0.32,0.17,0.15,59,40,12354.828,0.17,11,8.4,3
03.04.2025,11-12,0.28,0.15,0.13,59,40,12354.994,0.15,12,9.7,3
03.04.2025,12-13,0.4,0.27,0.13,59,40,12355.139,0.15,13,10.9,3
03.04.2025,13-14,0.44,0.33,0.11,59,40,12355.284,0.12,14,11.7,3
03.04.2025,14-15,0.49,0.4,0.09,59,40,12355.408,0.1,15,12.2,3
03.04.2025,15-16,0.4,0.31,0.09,59,40,12355.512,0.1,16,12.5,3
03.04.2025,16-17,0.36,0.25,0.11,59,40,12355.615999999998,0.12,17,13.2,3
03.04.2025,17-18,0.44,0.29,0.15,59,40,12355.739999999998,0.17,18,12.8,3
03.04.2025,18-19,0.57,0.3099999999999999,0.26,59,40,12355.905999999995,0.29,19,12.1,3
03.04.2025,19-20,0.77,0.42,0.35,59,40,12356.195999999998,0.39,20,10.7,3
03.04.2025,20-21,0.57,0.2699999999999999,0.3,59,40,12356.589999999998,0.33,21,9.6,3
03.04.2025,21-22,0.49,0.27,0.22,59,40,12356.922,0.25,22,8.1,3
03.04.2025,22-23,0.4,0.21,0.19,59,40,12357.170999999998,0.21,23,7.3,3
03.04.2025,23-24,0.24,0.13,0.11,59,40,12357.378,0.12,24,6.4,3
04.04.2025,0-1,0.27,0.16,0.11,59,41,12357.502,0.11,1,5.5,4
04.04.2025,1-2,0.11,0.07,0.04,59,41,12357.612,0.05,2,4.9,4
04.04.2025,2-3,0.13,0.08,0.05,59,41,12357.661999999998,0.05,3,4.6,4
04.04.2025,3-4,0.13,0.08,0.05,59,41,12357.711999999998,0.05,4,4.3,4
04.04.2025,4-5,0.16,0.1,0.06,59,41,12357.761999999995,0.07,5,3.9,4
04.04.2025,5-6,0.51,0.31,0.2,59,41,12357.831999999997,0.22,6,3.5,4
04.04.2025,6-7,0.32,0.19,0.13,59,41,12358.051999999996,0.14,7,3.6,4
04.04.2025,7-8,0.32,0.19,0.13,59,41,12358.191999999995,0.14,8,4.6,4
04.04.2025,8-9,0.53,0.32,0.21,59,41,12358.331999999997,0.23,9,6.6,4
04.04.2025,9-10,0.64,0.38,0.26,59,41,12358.561999999994,0.27,10,8.5,4
04.04.2025,10-11,0.43,0.26,0.17,59,41,12358.831999999997,0.18,11,10.7,4
04.04.2025,11-12,0.37,0.22,0.15,59,41,12359.011999999995,0.16,12,12.1,4
04.04.2025,12-13,0.53,0.32,0.21,59,41,12359.171999999997,0.23,13,13.3,4
04.04.2025,13-14,0.59,0.36,0.23,59,41,12359.401999999996,0.25,14,14.4,4
04.04.2025,14-15,0.64,0.38,0.26,59,41,12359.651999999996,0.27,15,15.1,4
04.04.2025,15-16,0.53,0.32,0.21,59,41,12359.921999999997,0.23,16,14.7,4
04.04.2025,16-17,0.48,0.29,0.19,59,41,12360.151999999996,0.2,17,15.5,4
04.04.2025,17-18,0.59,0.36,0.23,59,41,12360.351999999995,0.25,18,14.2,4
04.04.2025,18-19,0.75,0.45,0.3,59,41,12360.601999999995,0.32,19,12.5,4
04.04.2025,19-20,1.01,0.61,0.4,59,41,12360.921999999997,0.43,20,10.8,4
04.04.2025,20-21,0.75,0.45,0.3,59,41,12361.351999999995,0.32,21,9.1,4
04.04.2025,21-22,0.64,0.38,0.26,59,41,12361.671999999997,0.27,22,7.5,4
04.04.2025,22-23,0.53,0.32,0.21,59,41,12361.941999999995,0.23,23,6.3,4
04.04.2025,23-24,0.32,0.19,0.13,59,41,12362.171999999997,0.14,24,5.3,4
05.04.2025,0-1,0.23,0.14,0.09,58,40,12362.311999999994,0.1,1,4.5,5
05.04.2025,1-2,0.09,0.0499999999999999,0.04,58,40,12362.411999999997,0.04,2,3.7,5
05.04.2025,2-3,0.11,0.07,0.04,58,40,12362.451999999996,0.05,3,2.9,5
05.04.2025,3-4,0.11,0.07,0.04,58,40,12362.501999999997,0.05,4,2.6,5
05.04.2025,4-5,0.14,0.08,0.06,58,40,12362.551999999994,0.06,5,2.9,5
05.04.2025,5-6,0.44,0.26,0.18,58,40,12362.611999999994,0.2,6,2.9,5
05.04.2025,6-7,0.28,0.17,0.11,58,40,12362.811999999994,0.12,7,2.9,5
05.04.2025,7-8,0.28,0.17,0.11,58,40,12362.931999999995,0.12,8,3.1,5
05.04.2025,8-9,0.46,0.28,0.18,58,40,12363.051999999996,0.2,9,3.5,5
05.04.2025,9-10,0.56,0.3400000000000001,0.22,58,40,12363.251999999997,0.24,10,4.0,5
05.04.2025,10-11,0.37,0.22,0.15,58,40,12363.491999999997,0.16,11,4.4,5
05.04.2025,11-12,0.32,0.19,0.13,58,40,12363.651999999996,0.14,12,4.9,5
05.04.2025,12-13,0.46,0.28,0.18,58,40,12363.791999999996,0.2,13,5.2,5
05.04.2025,13-14,0.51,0.31,0.2,58,40,12363.991999999997,0.22,14,5.6,5
05.04.2025,14-15,0.56,0.3400000000000001,0.22,58,40,12364.211999999996,0.24,15,6.0,5
05.04.2025,15-16,0.46,0.28,0.18,58,40,12364.451999999996,0.2,16,6.1,5
05.04.2025,16-17,0.42,0.2499999999999999,0.17,58,40,12364.651999999996,0.18,17,6.1,5
05.04.2025,17-18,0.51,0.31,0.2,58,40,12364.831999999997,0.22,18,5.9,5
05.04.2025,18-19,0.65,0.39,0.26,58,40,12365.051999999996,0.28,19,5.6,5
05.04.2025,19-20,0.88,0.53,0.35,58,40,12365.331999999997,0.39,20,4.4,5
05.04.2025,20-21,0.65,0.39,0.26,58,40,12365.721999999996,0.28,21,3.2,5
05.04.2025,21-22,0.56,0.3400000000000001,0.22,58,40,12366.001999999997,0.24,22,2.4,5
05.04.2025,22-23,0.46,0.28,0.18,58,40,12366.241999999997,0.2,23,1.9,5
05.04.2025,23-24,0.28,0.17,0.11,58,40,12366.441999999995,0.12,24,1.2,5
06.04.2025,0-1,0.26,0.16,0.1,58,39,12366.561999999998,0.11,1,0.5,6
06.04.2025,1-2,0.1,0.06,0.04,58,39,12366.672,0.05,2,-0.2,6
06.04.2025,2-3,0.12,0.0699999999999999,0.05,58,39,12366.721999999998,0.05,3,-0.9,6
06.04.2025,3-4,0.12,0.0699999999999999,0.05,58,39,12366.771999999995,0.05,4,-1.6,6
06.04.2025,4-5,0.16,0.1,0.06,58,39,12366.821999999996,0.07,5,-1.7,6
06.04.2025,5-6,0.5,0.3,0.2,58,39,12366.891999999996,0.22,6,-2.1,6
06.04.2025,6-7,0.31,0.19,0.12,58,39,12367.111999999996,0.14,7,-2.6,6
06.04.2025,7-8,0.31,0.19,0.12,58,39,12367.251999999997,0.14,8,-2.9,6
06.04.2025,8-9,0.52,0.31,0.21,58,39,12367.391999999994,0.23,9,-2.9,6
06.04.2025,9-10,0.62,0.37,0.25,58,39,12367.621999999994,0.27,10,-2.8,6
06.04.2025,10-11,0.42,0.2499999999999999,0.17,58,39,12367.891999999994,0.18,11,-2.5,6
06.04.2025,11-12,0.36,0.21,0.15,58,39,12368.071999999996,0.16,12,-2.1,6
06.04.2025,12-13,0.52,0.31,0.21,58,39,12368.231999999996,0.23,13,-1.9,6
06.04.2025,13-14,0.57,0.3399999999999999,0.23,58,39,12368.461999999994,0.25,14,-1.8,6
06.04.2025,14-15,0.62,0.37,0.25,58,39,12368.711999999994,0.27,15,-1.7,6
06.04.2025,15-16,0.52,0.31,0.21,58,39,12368.981999999996,0.23,16,-1.6,6
06.04.2025,16-17,0.47,0.2799999999999999,0.19,58,39,12369.211999999994,0.2,17,-1.6,6
06.04.2025,17-18,0.57,0.3399999999999999,0.23,58,39,12369.411999999997,0.25,18,-1.7,6
06.04.2025,18-19,0.73,0.44,0.29,58,39,12369.661999999997,0.32,19,-1.8,6
06.04.2025,19-20,0.99,0.59,0.4,58,39,12369.981999999996,0.43,20,-2.0,6
06.04.2025,20-21,0.73,0.44,0.29,58,39,12370.411999999997,0.32,21,-2.2,6
06.04.2025,21-22,0.62,0.37,0.25,58,39,12370.731999999996,0.27,22,-2.3,6
06.04.2025,22-23,0.52,0.31,0.21,58,39,12371.001999999997,0.23,23,-2.3,6
06.04.2025,23-24,0.31,0.19,0.12,58,39,12371.231999999996,0.14,24,-2.3,6
07.04.2025,0-1,0.2,0.11,0.09,58,39,12371.371999999994,0.11,1,-2.4,0
07.04.2025,1-2,0.08,0.04,0.04,58,39,12371.477999999994,0.04,2,-2.5,0
07.04.2025,2-3,0.1,0.06,0.04,58,39,12371.520999999992,0.05,3,-2.5,0
07.04.2025,3-4,0.1,0.06,0.04,58,39,12371.571999999993,0.05,4,-2.5,0
07.04.2025,4-5,0.12,0.06,0.06,58,39,12371.622999999992,0.06,5,-2.7,0
07.04.2025,5-6,0.39,0.21,0.18,58,39,12371.686999999993,0.2,6,-2.7,0
07.04.2025,6-7,0.24,0.13,0.11,58,39,12371.890999999992,0.13,7,-2.6,0
07.04.2025,7-8,0.24,0.13,0.11,58,39,12372.018999999991,0.13,8,-2.5,0
07.04.2025,8-9,0.4,0.21,0.19,58,39,12372.146999999994,0.21,9,-2.2,0
07.04.2025,9-10,0.49,0.3399999999999999,0.15,58,39,12372.359999999991,0.17,10,-2.0,0
07.04.2025,10-11,0.32,0.17,0.15,58,39,12372.529999999992,0.17,11,-1.7,0
07.04.2025,11-12,0.28,0.15,0.13,58,39,12372.699999999992,0.15,12,-1.2,0
07.04.2025,12-13,0.4,0.27,0.13,58,39,12372.848999999993,0.15,13,-0.6,0
07.04.2025,13-14,0.44,0.33,0.11,58,39,12372.997999999992,0.13,14,-0.1,0
07.04.2025,14-15,0.49,0.4,0.09,58,39,12373.125999999991,0.11,15,0.2,0
07.04.2025,15-16,0.4,0.31,0.09,58,39,12373.231999999993,0.11,16,0.6,0
07.04.2025,16-17,0.36,0.25,0.11,58,39,12373.337999999992,0.13,17,0.4,0
07.04.2025,17-18,0.44,0.29,0.15,58,39,12373.465999999991,0.17,18,0.5,0
07.04.2025,18-19,0.57,0.3099999999999999,0.26,58,39,12373.635999999991,0.3,19,0.1,0
07.04.2025,19-20,0.77,0.42,0.35,58,39,12373.933999999994,0.4,20,-0.4,0
07.04.2025,20-21,0.57,0.2699999999999999,0.3,58,39,12374.337999999994,0.34,21,-0.3,0
07.04.2025,21-22,0.49,0.27,0.22,58,39,12374.677999999994,0.26,22,-0.8,0
07.04.2025,22-23,0.4,0.21,0.19,58,39,12374.932999999994,0.21,23,-1.3,0
07.04.2025,23-24,0.24,0.13,0.11,58,39,12375.145999999992,0.13,24,-1.5,0
08.04.2025,0-1,0.24,0.13,0.11,59,41,12375.273999999994,0.12,1,-1.6,1
08.04.2025,1-2,0.1,0.06,0.04,59,41,12375.390999999994,0.05,2,-2.1,1
08.04.2025,2-3,0.12,0.0699999999999999,0.05,59,41,12375.437999999996,0.06,3,-2.4,1
08.04.2025,3-4,0.12,0.0699999999999999,0.05,59,41,12375.493999999995,0.06,4,-2.7,1
08.04.2025,4-5,0.15,0.0799999999999999,0.07,59,41,12375.549999999996,0.07,5,-1.4,1
08.04.2025,5-6,0.47,0.26,0.21,59,41,12375.619999999995,0.23,6,-1.3,1
08.04.2025,6-7,0.29,0.1599999999999999,0.13,59,41,12375.844999999996,0.14,7,-1.4,1
08.04.2025,7-8,0.29,0.1599999999999999,0.13,59,41,12375.985999999995,0.14,8,-1.5,1
08.04.2025,8-9,0.48,0.26,0.22,59,41,12376.126999999997,0.23,9,-1.5,1
08.04.2025,9-10,0.58,0.3999999999999999,0.18,59,41,12376.360999999995,0.19,10,-1.5,1
08.04.2025,10-11,0.39,0.21,0.18,59,41,12376.548999999995,0.19,11,-1.4,1
08.04.2025,11-12,0.34,0.18,0.16,59,41,12376.736999999996,0.16,12,-1.3,1
08.04.2025,12-13,0.48,0.3199999999999999,0.16,59,41,12376.900999999996,0.16,13,-1.0,1
08.04.2025,13-14,0.53,0.4,0.13,59,41,12377.064999999997,0.14,14,-0.5,1
08.04.2025,14-15,0.58,0.47,0.11,59,41,12377.205999999996,0.12,15,-0.7,1
08.04.2025,15-16,0.48,0.37,0.11,59,41,12377.322999999997,0.12,16,-0.7,1
08.04.2025,16-17,0.44,0.31,0.13,59,41,12377.439999999997,0.14,17,-0.8,1
08.04.2025,17-18,0.53,0.35,0.18,59,41,12377.580999999996,0.19,18,-0.9,1
08.04.2025,18-19,0.68,0.37,0.31,59,41,12377.768999999997,0.33,19,-1.0,1
08.04.2025,19-20,0.92,0.5,0.42,59,41,12378.096999999996,0.45,20,-1.2,1
08.04.2025,20-21,0.68,0.32,0.36,59,41,12378.541999999996,0.38,21,-1.5,1
08.04.2025,21-22,0.58,0.3099999999999999,0.27,59,41,12378.916999999996,0.28,22,-1.7,1
08.04.2025,22-23,0.48,0.26,0.22,59,41,12379.197999999997,0.23,23,-1.9,1
08.04.2025,23-24,0.29,0.1599999999999999,0.13,59,41,12379.431999999995,0.14,24,-2.1,1
09.04.2025,0-1,0.19,0.1,0.09,59,40,12379.572999999997,0.1,1,-2.2,2
09.04.2025,1-2,0.08,0.04,0.04,59,40,12379.676999999996,0.04,2,-2.4,2
09.04.2025,2-3,0.09,0.0499999999999999,0.04,59,40,12379.717999999995,0.05,3,-2.6,2
09.04.2025,3-4,0.09,0.0499999999999999,0.04,59,40,12379.767999999996,0.05,4,-2.7,2
09.04.2025,4-5,0.12,0.0699999999999999,0.05,59,40,12379.817999999994,0.06,5,-2.8,2
09.04.2025,5-6,0.37,0.1999999999999999,0.17,59,40,12379.879999999994,0.2,6,-2.9,2
09.04.2025,6-7,0.23,0.12,0.11,59,40,12380.078999999994,0.12,7,-3.2,2
09.04.2025,7-8,0.23,0.12,0.11,59,40,12380.202999999994,0.12,8,-3.4,2
09.04.2025,8-9,0.39,0.21,0.18,59,40,12380.326999999994,0.21,9,-3.4,2
09.04.2025,9-10,0.46,0.32,0.14,59,40,12380.533999999994,0.17,10,-3.0,2
09.04.2025,10-11,0.31,0.1699999999999999,0.14,59,40,12380.699999999992,0.17,11,-2.6,2
09.04.2025,11-12,0.27,0.15,0.12,59,40,12380.865999999993,0.15,12,-2.4,2
09.04.2025,12-13,0.39,0.27,0.12,59,40,12381.010999999991,0.15,13,-1.8,2
09.04.2025,13-14,0.42,0.31,0.11,59,40,12381.155999999994,0.12,14,-1.3,2
09.04.2025,14-15,0.46,0.37,0.09,59,40,12381.279999999992,0.1,15,-0.6,2
09.04.2025,15-16,0.39,0.3,0.09,59,40,12381.383999999993,0.1,16,-0.7,2
09.04.2025,16-17,0.35,0.24,0.11,59,40,12381.487999999992,0.12,17,-0.5,2
09.04.2025,17-18,0.42,0.2799999999999999,0.14,59,40,12381.611999999992,0.17,18,-0.7,2
09.04.2025,18-19,0.54,0.29,0.25,59,40,12381.777999999991,0.29,19,-0.8,2
09.04.2025,19-20,0.73,0.3899999999999999,0.34,59,40,12382.067999999992,0.39,20,-1.4,2
09.04.2025,20-21,0.54,0.26,0.28,59,40,12382.461999999992,0.33,21,-2.1,2
09.04.2025,21-22,0.46,0.25,0.21,59,40,12382.793999999993,0.25,22,-2.3,2
09.04.2025,22-23,0.39,0.21,0.18,59,40,12383.042999999992,0.21,23,-2.7,2
09.04.2025,23-24,0.23,0.12,0.11,59,40,12383.249999999993,0.12,24,-3.0,2
10.04.2025,0-1,0.22,0.12,0.1,59,41,12383.373999999993,0.12,1,-3.2,3
10.04.2025,1-2,0.09,0.0499999999999999,0.04,59,41,12383.488999999992,0.05,2,-3.1,3
10.04.2025,2-3,0.11,0.06,0.05,59,41,12383.534999999993,0.06,3,-3.9,3
10.04.2025,3-4,0.11,0.06,0.05,59,41,12383.589999999993,0.06,4,-4.8,3
10.04.2025,4-5,0.13,0.07,0.06,59,41,12383.644999999991,0.07,5,-4.3,3
10.04.2025,5-6,0.42,0.2299999999999999,0.19,59,41,12383.713999999993,0.22,6,-4.4,3
10.04.2025,6-7,0.26,0.14,0.12,59,41,12383.933999999992,0.14,7,-4.2,3
10.04.2025,7-8,0.26,0.14,0.12,59,41,12384.070999999993,0.14,8,-3.5,3
10.04.2025,8-9,0.44,0.24,0.2,59,41,12384.207999999991,0.23,9,-2.9,3
10.04.2025,9-10,0.53,0.37,0.16,59,41,12384.436999999993,0.18,10,-2.4,3
10.04.2025,10-11,0.35,0.1899999999999999,0.16,59,41,12384.619999999994,0.18,11,-1.9,3
10.04.2025,11-12,0.31,0.1699999999999999,0.14,59,41,12384.802999999994,0.16,12,-1.2,3
10.04.2025,12-13,0.44,0.3,0.14,59,41,12384.962999999994,0.16,13,-0.6,3
10.04.2025,13-14,0.48,0.36,0.12,59,41,12385.122999999994,0.14,14,0.1,3
10.04.2025,14-15,0.53,0.43,0.1,59,41,12385.259999999997,0.12,15,0.4,3
10.04.2025,15-16,0.44,0.3399999999999999,0.1,59,41,12385.374999999996,0.12,16,0.6,3
10.04.2025,16-17,0.4,0.28,0.12,59,41,12385.489999999994,0.14,17,0.9,3
10.04.2025,17-18,0.48,0.3199999999999999,0.16,59,41,12385.626999999997,0.18,18,1.0,3
10.04.2025,18-19,0.61,0.3299999999999999,0.28,59,41,12385.809999999996,0.32,19,0.9,3
10.04.2025,19-20,0.83,0.4499999999999999,0.38,59,41,12386.130999999996,0.44,20,0.1,3
10.04.2025,20-21,0.61,0.29,0.32,59,41,12386.565999999995,0.37,21,-0.3,3
10.04.2025,21-22,0.53,0.29,0.24,59,41,12386.931999999995,0.28,22,-1.5,3
10.04.2025,22-23,0.44,0.24,0.2,59,41,12387.206999999997,0.23,23,-3.3,3
10.04.2025,23-24,0.26,0.14,0.12,59,41,12387.435999999994,0.14,24,-3.0,3
11.04.2025,0-1,0.24,0.1399999999999999,0.1,59,42,12387.572999999997,0.1,1,-3.1,4
11.04.2025,1-2,0.1,0.06,0.04,59,42,12387.672999999995,0.04,2,-3.7,4
11.04.2025,2-3,0.12,0.0699999999999999,0.05,59,42,12387.712999999996,0.05,3,-4.0,4
11.04.2025,3-4,0.12,0.0699999999999999,0.05,59,42,12387.762999999995,0.05,4,-3.8,4
11.04.2025,4-5,0.15,0.09,0.06,59,42,12387.812999999996,0.06,5,-2.6,4
11.04.2025,5-6,0.47,0.2799999999999999,0.19,59,42,12387.872999999994,0.2,6,-4.7,4
11.04.2025,6-7,0.29,0.1699999999999999,0.12,59,42,12388.072999999997,0.12,7,-5.2,4
11.04.2025,7-8,0.29,0.1699999999999999,0.12,59,42,12388.192999999996,0.12,8,-5.2,4
11.04.2025,8-9,0.49,0.29,0.2,59,42,12388.312999999996,0.21,9,-4.1,4
11.04.2025,9-10,0.59,0.36,0.23,59,42,12388.522999999996,0.25,10,-2.5,4
11.04.2025,10-11,0.39,0.23,0.16,59,42,12388.772999999996,0.17,11,-0.7,4
11.04.2025,11-12,0.34,0.2,0.14,59,42,12388.942999999996,0.15,12,0.7,4
11.04.2025,12-13,0.49,0.29,0.2,59,42,12389.092999999995,0.21,13,1.7,4
11.04.2025,13-14,0.54,0.33,0.21,59,42,12389.302999999994,0.23,14,2.2,4
11.04.2025,14-15,0.59,0.36,0.23,59,42,12389.532999999994,0.25,15,2.3,4
11.04.2025,15-16,0.49,0.29,0.2,59,42,12389.782999999994,0.21,16,2.3,4
11.04.2025,16-17,0.44,0.26,0.18,59,42,12389.992999999991,0.19,17,2.4,4
11.04.2025,17-18,0.54,0.33,0.21,59,42,12390.182999999994,0.23,18,2.4,4
11.04.2025,18-19,0.68,0.41,0.27,59,42,12390.412999999991,0.29,19,1.9,4
11.04.2025,19-20,0.93,0.56,0.37,59,42,12390.702999999994,0.4,20,1.4,4
11.04.2025,20-21,0.68,0.41,0.27,59,42,12391.102999999994,0.29,21,0.8,4
11.04.2025,21-22,0.59,0.36,0.23,59,42,12391.392999999996,0.25,22,0.4,4
11.04.2025,22-23,0.49,0.29,0.2,59,42,12391.642999999996,0.21,23,-0.0,4
11.04.2025,23-24,0.29,0.1699999999999999,0.12,59,42,12391.852999999994,0.12,24,-0.6,4
12.04.2025,0-1,0.22,0.13,0.09,58,40,12391.972999999994,0.1,1,-0.6,5
12.04.2025,1-2,0.09,0.0499999999999999,0.04,58,40,12392.072999999997,0.04,2,-0.7,5
12.04.2025,2-3,0.11,0.07,0.04,58,40,12392.112999999996,0.05,3,-0.8,5
12.04.2025,3-4,0.11,0.07,0.04,58,40,12392.162999999997,0.05,4,-0.8,5
12.04.2025,4-5,0.13,0.08,0.05,58,40,12392.212999999994,0.06,5,-1.0,5
12.04.2025,5-6,0.42,0.2499999999999999,0.17,58,40,12392.272999999994,0.2,6,-1.0,5
12.04.2025,6-7,0.26,0.15,0.11,58,40,12392.472999999994,0.12,7,-1.2,5
12.04.2025,7-8,0.26,0.15,0.11,58,40,12392.592999999995,0.12,8,-0.9,5
12.04.2025,8-9,0.44,0.26,0.18,58,40,12392.712999999996,0.2,9,-1.3,5
12.04.2025,9-10,0.53,0.32,0.21,58,40,12392.912999999997,0.24,10,-1.1,5
12.04.2025,10-11,0.35,0.2099999999999999,0.14,58,40,12393.152999999997,0.16,11,-1.1,5
12.04.2025,11-12,0.31,0.19,0.12,58,40,12393.312999999996,0.14,12,-1.1,5
12.04.2025,12-13,0.44,0.26,0.18,58,40,12393.452999999996,0.2,13,-0.5,5
12.04.2025,13-14,0.48,0.29,0.19,58,40,12393.652999999997,0.22,14,0.1,5
12.04.2025,14-15,0.53,0.32,0.21,58,40,12393.872999999996,0.24,15,0.6,5
12.04.2025,15-16,0.44,0.26,0.18,58,40,12394.112999999996,0.2,16,1.1,5
12.04.2025,16-17,0.4,0.24,0.16,58,40,12394.312999999996,0.18,17,2.8,5
12.04.2025,17-18,0.48,0.29,0.19,58,40,12394.492999999997,0.22,18,2.6,5
12.04.2025,18-19,0.62,0.37,0.25,58,40,12394.712999999996,0.28,19,2.0,5
12.04.2025,19-20,0.84,0.51,0.33,58,40,12394.992999999997,0.39,20,1.4,5
12.04.2025,20-21,0.62,0.37,0.25,58,40,12395.382999999996,0.28,21,0.6,5
12.04.2025,21-22,0.53,0.32,0.21,58,40,12395.662999999997,0.24,22,0.4,5
12.04.2025,22-23,0.44,0.26,0.18,58,40,12395.902999999997,0.2,23,0.1,5
12.04.2025,23-24,0.26,0.15,0.11,58,40,12396.102999999996,0.12,24,-0.4,5
13.04.2025,0-1,0.24,0.1399999999999999,0.1,58,39,12396.222999999998,0.1,1,-0.6,6
13.04.2025,1-2,0.1,0.06,0.04,58,39,12396.323,0.04,2,-0.7,6
13.04.2025,2-3,0.11,0.06,0.05,58,39,12396.363,0.05,3,-0.7,6
13.04.2025,3-4,0.11,0.06,0.05,58,39,12396.413,0.05,4,-0.6,6
13.04.2025,4-5,0.14,0.08,0.06,58,39,12396.462999999998,0.06,5,-0.4,6
13.04.2025,5-6,0.46,0.28,0.18,58,39,12396.522999999996,0.19,6,-0.3,6
13.04.2025,6-7,0.29,0.18,0.11,58,39,12396.712999999998,0.12,7,-0.9,6
13.04.2025,7-8,0.29,0.18,0.11,58,39,12396.833,0.12,8,-0.6,6
13.04.2025,8-9,0.48,0.29,0.19,58,39,12396.953,0.2,9,0.4,6
13.04.2025,9-10,0.57,0.3399999999999999,0.23,58,39,12397.153,0.24,10,1.3,6
13.04.2025,10-11,0.38,0.23,0.15,58,39,12397.393,0.16,11,2.1,6
13.04.2025,11-12,0.33,0.2,0.13,58,39,12397.553,0.14,12,2.8,6
13.04.2025,12-13,0.48,0.29,0.19,58,39,12397.693,0.2,13,3.4,6
13.04.2025,13-14,0.52,0.31,0.21,58,39,12397.893,0.22,14,3.9,6
13.04.2025,14-15,0.57,0.3399999999999999,0.23,58,39,12398.113,0.24,15,4.3,6
13.04.2025,15-16,0.48,0.29,0.19,58,39,12398.353,0.2,16,4.8,6
13.04.2025,16-17,0.43,0.26,0.17,58,39,12398.553,0.18,17,8.5,6
13.04.2025,17-18,0.52,0.31,0.21,58,39,12398.733,0.22,18,8.7,6
13.04.2025,18-19,0.67,0.4,0.27,58,39,12398.953,0.28,19,8.6,6
13.04.2025,19-20,0.91,0.55,0.36,58,39,12399.233,0.38,20,7.7,6
13.04.2025,20-21,0.67,0.4,0.27,58,39,12399.613,0.28,21,6.6,6
13.04.2025,21-22,0.57,0.3399999999999999,0.23,58,39,12399.893,0.24,22,5.4,6
13.04.2025,22-23,0.48,0.29,0.19,58,39,12400.133,0.2,23,4.3,6
13.04.2025,23-24,0.29,0.18,0.11,58,39,12400.333,0.12,24,3.6,6
14.04.2025,0-1,0.2,0.11,0.09,58,39,12400.453,0.12,1,2.6,0
14.04.2025,1-2,0.08,0.04,0.04,58,39,12400.568,0.05,2,1.7,0
14.04.2025,2-3,0.1,0.06,0.04,58,39,12400.614,0.06,3,1.1,0
14.04.2025,3-4,0.1,0.06,0.04,58,39,12400.669000000002,0.06,4,0.7,0
14.04.2025,4-5,0.12,0.06,0.06,58,39,12400.724000000002,0.07,5,1.1,0
14.04.2025,5-6,0.39,0.21,0.18,58,39,12400.793,0.22,6,0.8,0
14.04.2025,6-7,0.24,0.13,0.11,58,39,12401.013,0.14,7,0.7,0
14.04.2025,7-8,0.24,0.13,0.11,58,39,12401.15,0.14,8,1.4,0
14.04.2025,8-9,0.4,0.21,0.19,58,39,12401.287000000002,0.23,9,2.8,0
14.04.2025,9-10,0.49,0.3399999999999999,0.15,58,39,12401.516,0.18,10,4.9,0
14.04.2025,10-11,0.32,0.17,0.15,58,39,12401.699000000002,0.18,11,6.9,0
14.04.2025,11-12,0.28,0.15,0.13,58,39,12401.882000000003,0.16,12,8.0,0
14.04.2025,12-13,0.4,0.27,0.13,58,39,12402.042000000003,0.16,13,9.0,0
14.04.2025,13-14,0.44,0.33,0.11,58,39,12402.202000000005,0.14,14,9.8,0
14.04.2025,14-15,0.49,0.4,0.09,58,39,12402.339000000004,0.12,15,10.7,0
14.04.2025,15-16,0.4,0.31,0.09,58,39,12402.454000000003,0.12,16,11.3,0
14.04.2025,16-17,0.36,0.25,0.11,58,39,12402.569000000003,0.14,17,11.7,0
14.04.2025,17-18,0.44,0.29,0.15,58,39,12402.706000000004,0.18,18,11.6,0
14.04.2025,18-19,0.57,0.3099999999999999,0.26,58,39,12402.889000000005,0.32,19,11.1,0
14.04.2025,19-20,0.77,0.42,0.35,58,39,12403.210000000005,0.44,20,10.1,0
14.04.2025,20-21,0.57,0.2699999999999999,0.3,58,39,12403.645000000004,0.37,21,9.0,0
14.04.2025,21-22,0.49,0.27,0.22,58,39,12404.011000000004,0.28,22,8.4,0
14.04.2025,22-23,0.4,0.21,0.19,58,39,12404.286000000004,0.23,23,7.9,0
14.04.2025,23-24,0.24,0.13,0.11,58,39,12404.515000000005,0.14,24,7.7,0
15.04.2025,0-1,0.25,0.13,0.12,58,41,12404.652000000004,0.12,1,7.4,1
15.04.2025,1-2,0.1,0.05,0.05,58,41,12404.775000000003,0.05,2,7.1,1
15.04.2025,2-3,0.12,0.06,0.06,58,41,12404.824000000004,0.06,3,6.6,1
15.04.2025,3-4,0.12,0.06,0.06,58,41,12404.883000000003,0.06,4,6.2,1
15.04.2025,4-5,0.15,0.0799999999999999,0.07,58,41,12404.942000000005,0.07,5,7.7,1
15.04.2025,5-6,0.49,0.27,0.22,58,41,12405.016000000003,0.24,6,7.5,1
15.04.2025,6-7,0.3,0.1599999999999999,0.14,58,41,12405.252000000004,0.15,7,7.3,1
15.04.2025,7-8,0.3,0.1599999999999999,0.14,58,41,12405.399000000005,0.15,8,7.7,1
15.04.2025,8-9,0.51,0.28,0.23,58,41,12405.546000000006,0.25,9,8.6,1
15.04.2025,9-10,0.61,0.42,0.19,58,41,12405.791000000008,0.2,10,9.6,1
15.04.2025,10-11,0.4,0.21,0.19,58,41,12405.987000000006,0.2,11,11.2,1
15.04.2025,11-12,0.35,0.1899999999999999,0.16,58,41,12406.183000000006,0.17,12,13.1,1
15.04.2025,12-13,0.51,0.35,0.16,58,41,12406.355000000009,0.17,13,14.9,1
15.04.2025,13-14,0.56,0.42,0.14,58,41,12406.527000000007,0.15,14,16.5,1
15.04.2025,14-15,0.61,0.49,0.12,58,41,12406.674000000008,0.12,15,16.6,1
15.04.2025,15-16,0.51,0.39,0.12,58,41,12406.797000000008,0.12,16,16.0,1
15.04.2025,16-17,0.46,0.32,0.14,58,41,12406.920000000007,0.15,17,17.1,1
15.04.2025,17-18,0.56,0.37,0.19,58,41,12407.067000000008,0.2,18,16.5,1
15.04.2025,18-19,0.71,0.3799999999999999,0.33,58,41,12407.263000000008,0.34,19,15.5,1
15.04.2025,19-20,0.96,0.52,0.44,58,41,12407.607000000007,0.47,20,14.5,1
15.04.2025,20-21,0.71,0.3399999999999999,0.37,58,41,12408.073000000008,0.39,21,13.3,1
15.04.2025,21-22,0.61,0.3299999999999999,0.28,58,41,12408.466000000008,0.29,22,12.8,1
15.04.2025,22-23,0.51,0.28,0.23,58,41,12408.760000000007,0.25,23,12.0,1
15.04.2025,23-24,0.3,0.1599999999999999,0.14,58,41,12409.005000000008,0.15,24,11.5,1
16.04.2025,0-1,0.21,0.1099999999999999,0.1,58,40,12409.15200000001,0.1,1,10.6,2
16.04.2025,1-2,0.09,0.0499999999999999,0.04,58,40,12409.256000000008,0.04,2,9.4,2
16.04.2025,2-3,0.1,0.05,0.05,58,40,12409.297000000008,0.05,3,8.6,2
16.04.2025,3-4,0.1,0.05,0.05,58,40,12409.347000000009,0.05,4,7.9,2
16.04.2025,4-5,0.13,0.07,0.06,58,40,12409.397000000006,0.06,5,8.8,2
16.04.2025,5-6,0.41,0.2199999999999999,0.19,58,40,12409.459000000006,0.2,6,7.7,2
16.04.2025,6-7,0.26,0.14,0.12,58,40,12409.658000000009,0.12,7,7.2,2
16.04.2025,7-8,0.26,0.14,0.12,58,40,12409.782000000008,0.12,8,7.7,2
16.04.2025,8-9,0.43,0.2299999999999999,0.2,58,40,12409.906000000006,0.21,9,9.1,2
16.04.2025,9-10,0.51,0.35,0.16,58,40,12410.113000000008,0.17,10,11.1,2
16.04.2025,10-11,0.34,0.18,0.16,58,40,12410.279000000006,0.17,11,13.2,2
16.04.2025,11-12,0.3,0.1599999999999999,0.14,58,40,12410.445000000003,0.15,12,14.9,2
16.04.2025,12-13,0.43,0.29,0.14,58,40,12410.590000000006,0.15,13,16.3,2
16.04.2025,13-14,0.47,0.35,0.12,58,40,12410.735000000006,0.12,14,17.5,2
16.04.2025,14-15,0.51,0.41,0.1,58,40,12410.859000000006,0.1,15,18.5,2
16.04.2025,15-16,0.43,0.3299999999999999,0.1,58,40,12410.963000000003,0.1,16,19.1,2
16.04.2025,16-17,0.38,0.26,0.12,58,40,12411.067000000005,0.12,17,19.9,2
16.04.2025,17-18,0.47,0.3099999999999999,0.16,58,40,12411.191000000004,0.17,18,19.6,2
16.04.2025,18-19,0.6,0.3199999999999999,0.28,58,40,12411.357000000004,0.29,19,18.6,2
16.04.2025,19-20,0.81,0.44,0.37,58,40,12411.647000000004,0.39,20,17.3,2
16.04.2025,20-21,0.6,0.29,0.31,58,40,12412.041000000005,0.33,21,15.4,2
16.04.2025,21-22,0.51,0.27,0.24,58,40,12412.373000000003,0.25,22,14.4,2
16.04.2025,22-23,0.43,0.2299999999999999,0.2,58,40,12412.622000000005,0.21,23,13.5,2
16.04.2025,23-24,0.26,0.14,0.12,58,40,12412.829000000003,0.12,24,12.6,2
17.04.2025,0-1,0.2,0.11,0.09,57,40,12412.953000000003,0.11,1,11.7,3
17.04.2025,1-2,0.08,0.04,0.04,57,40,12413.065000000004,0.05,2,11.0,3
17.04.2025,2-3,0.09,0.0499999999999999,0.04,57,40,12413.110000000004,0.05,3,10.3,3
17.04.2025,3-4,0.09,0.0499999999999999,0.04,57,40,12413.164000000004,0.05,4,9.7,3
17.04.2025,4-5,0.12,0.0699999999999999,0.05,57,40,12413.218000000004,0.07,5,9.5,3
17.04.2025,5-6,0.37,0.1999999999999999,0.17,57,40,12413.285000000003,0.22,6,8.9,3
17.04.2025,6-7,0.23,0.12,0.11,57,40,12413.500000000004,0.13,7,8.4,3
17.04.2025,7-8,0.23,0.12,0.11,57,40,12413.634000000004,0.13,8,8.6,3
17.04.2025,8-9,0.39,0.21,0.18,57,40,12413.768000000004,0.22,9,9.7,3
17.04.2025,9-10,0.47,0.3299999999999999,0.14,57,40,12413.992000000004,0.18,10,11.3,3
17.04.2025,10-11,0.31,0.1699999999999999,0.14,57,40,12414.171000000004,0.18,11,13.8,3
17.04.2025,11-12,0.27,0.14,0.13,57,40,12414.350000000004,0.16,12,15.7,3
17.04.2025,12-13,0.39,0.26,0.13,57,40,12414.506000000005,0.16,13,14.5,3
17.04.2025,13-14,0.43,0.32,0.11,57,40,12414.662000000006,0.13,14,13.9,3
17.04.2025,14-15,0.47,0.38,0.09,57,40,12414.796000000006,0.11,15,15.0,3
17.04.2025,15-16,0.39,0.3,0.09,57,40,12414.908000000005,0.11,16,17.1,3
17.04.2025,16-17,0.35,0.24,0.11,57,40,12415.020000000004,0.13,17,17.7,3
17.04.2025,17-18,0.43,0.29,0.14,57,40,12415.154000000004,0.18,18,17.7,3
17.04.2025,18-19,0.55,0.3,0.25,57,40,12415.333000000004,0.31,19,16.6,3
17.04.2025,19-20,0.74,0.3999999999999999,0.34,57,40,12415.646000000004,0.43,20,15.1,3
17.04.2025,20-21,0.55,0.26,0.29,57,40,12416.071000000004,0.36,21,14.4,3
17.04.2025,21-22,0.47,0.2499999999999999,0.22,57,40,12416.429000000004,0.27,22,13.9,3
17.04.2025,22-23,0.39,0.21,0.18,57,40,12416.697000000004,0.22,23,13.4,3
17.04.2025,23-24,0.23,0.12,0.11,57,40,12416.921000000004,0.13,24,13.1,3
18.04.2025,0-1,0.18,0.1099999999999999,0.07,57,39,12417.055000000004,0.11,1,12.9,4
18.04.2025,1-2,0.07,0.04,0.03,57,39,12417.165000000005,0.05,2,12.4,4
18.04.2025,2-3,0.09,0.06,0.03,57,39,12417.215000000004,0.05,3,11.8,4
18.04.2025,3-4,0.09,0.06,0.03,57,39,12417.265000000005,0.05,4,11.4,4
18.04.2025,4-5,0.11,0.07,0.04,57,39,12417.315000000002,0.07,5,12.1,4
18.04.2025,5-6,0.34,0.2,0.14,57,39,12417.385000000002,0.22,6,11.5,4
18.04.2025,6-7,0.21,0.12,0.09,57,39,12417.605,0.14,7,11.1,4
18.04.2025,7-8,0.21,0.12,0.09,57,39,12417.745,0.14,8,11.6,4
18.04.2025,8-9,0.35,0.2099999999999999,0.14,57,39,12417.885,0.23,9,12.4,4
18.04.2025,9-10,0.43,0.26,0.17,57,39,12418.115,0.27,10,13.6,4
18.04.2025,10-11,0.28,0.17,0.11,57,39,12418.385,0.18,11,15.5,4
18.04.2025,11-12,0.25,0.15,0.1,57,39,12418.565,0.16,12,17.3,4
18.04.2025,12-13,0.35,0.2099999999999999,0.14,57,39,12418.725,0.23,13,19.1,4
18.04.2025,13-14,0.39,0.23,0.16,57,39,12418.955,0.25,14,20.7,4
18.04.2025,14-15,0.43,0.26,0.17,57,39,12419.205,0.27,15,21.6,4
18.04.2025,15-16,0.35,0.2099999999999999,0.14,57,39,12419.475,0.23,16,21.7,4
18.04.2025,16-17,0.32,0.19,0.13,57,39,12419.705,0.2,17,22.4,4
18.04.2025,17-18,0.39,0.23,0.16,57,39,12419.905,0.25,18,22.3,4
18.04.2025,18-19,0.5,0.3,0.2,57,39,12420.155,0.32,19,21.5,4
18.04.2025,19-20,0.67,0.4,0.27,57,39,12420.475,0.43,20,19.6,4
18.04.2025,20-21,0.5,0.3,0.2,57,39,12420.905,0.32,21,18.9,4
18.04.2025,21-22,0.43,0.26,0.17,57,39,12421.225,0.27,22,17.8,4
18.04.2025,22-23,0.35,0.2099999999999999,0.14,57,39,12421.495,0.23,23,16.9,4
18.04.2025,23-24,0.21,0.12,0.09,57,39,12421.725,0.14,24,16.2,4
19.04.2025,0-1,0.16,0.1,0.06,56,38,12421.865,0.1,1,15.3,5
19.04.2025,1-2,0.06,0.03,0.03,56,38,12421.965,0.04,2,14.5,5
19.04.2025,2-3,0.08,0.05,0.03,56,38,12422.005,0.05,3,13.8,5
19.04.2025,3-4,0.08,0.05,0.03,56,38,12422.055,0.05,4,12.8,5
19.04.2025,4-5,0.1,0.06,0.04,56,38,12422.105,0.06,5,14.3,5
19.04.2025,5-6,0.31,0.19,0.12,56,38,12422.165,0.2,6,13.7,5
19.04.2025,6-7,0.19,0.11,0.08,56,38,12422.365,0.12,7,13.3,5
19.04.2025,7-8,0.19,0.11,0.08,56,38,12422.485,0.12,8,13.9,5
19.04.2025,8-9,0.32,0.19,0.13,56,38,12422.605,0.2,9,15.0,5
19.04.2025,9-10,0.38,0.23,0.15,56,38,12422.805000000002,0.24,10,16.7,5
19.04.2025,10-11,0.26,0.16,0.1,56,38,12423.045000000002,0.16,11,18.0,5
19.04.2025,11-12,0.22,0.13,0.09,56,38,12423.205000000002,0.14,12,19.8,5
19.04.2025,12-13,0.32,0.19,0.13,56,38,12423.345,0.2,13,21.5,5
19.04.2025,13-14,0.35,0.2099999999999999,0.14,56,38,12423.545000000002,0.22,14,22.8,5
19.04.2025,14-15,0.38,0.23,0.15,56,38,12423.765,0.24,15,23.7,5
19.04.2025,15-16,0.32,0.19,0.13,56,38,12424.005,0.2,16,23.8,5
19.04.2025,16-17,0.29,0.18,0.11,56,38,12424.205000000002,0.18,17,24.1,5
19.04.2025,17-18,0.35,0.2099999999999999,0.14,56,38,12424.385000000002,0.22,18,23.7,5
19.04.2025,18-19,0.45,0.27,0.18,56,38,12424.605,0.28,19,22.7,5
19.04.2025,19-20,0.61,0.37,0.24,56,38,12424.885000000002,0.39,20,21.1,5
19.04.2025,20-21,0.45,0.27,0.18,56,38,12425.275,0.28,21,19.4,5
19.04.2025,21-22,0.38,0.23,0.15,56,38,12425.555000000002,0.24,22,18.0,5
19.04.2025,22-23,0.32,0.19,0.13,56,38,12425.795000000002,0.2,23,17.0,5
19.04.2025,23-24,0.19,0.11,0.08,56,38,12425.995000000004,0.12,24,16.1,5
20.04.2025,0-1,0.14,0.08,0.06,56,37,12426.115000000003,0.11,1,15.4,6
20.04.2025,1-2,0.06,0.0399999999999999,0.02,56,37,12426.225000000004,0.04,2,14.6,6
20.04.2025,2-3,0.07,0.04,0.03,56,37,12426.265000000005,0.05,3,14.0,6
20.04.2025,3-4,0.07,0.04,0.03,56,37,12426.315000000004,0.05,4,13.5,6
20.04.2025,4-5,0.09,0.06,0.03,56,37,12426.365000000003,0.07,5,14.4,6
20.04.2025,5-6,0.27,0.16,0.11,56,37,12426.435000000003,0.21,6,13.7,6
20.04.2025,6-7,0.17,0.1,0.07,56,37,12426.645000000002,0.13,7,13.3,6
20.04.2025,7-8,0.17,0.1,0.07,56,37,12426.775,0.13,8,13.8,6
20.04.2025,8-9,0.28,0.17,0.11,56,37,12426.905,0.22,9,15.1,6
20.04.2025,9-10,0.34,0.2,0.14,56,37,12427.125,0.27,10,17.0,6
20.04.2025,10-11,0.23,0.14,0.09,56,37,12427.395,0.18,11,19.2,6
20.04.2025,11-12,0.2,0.12,0.08,56,37,12427.575,0.16,12,21.3,6
20.04.2025,12-13,0.28,0.17,0.11,56,37,12427.735,0.22,13,22.4,6
20.04.2025,13-14,0.31,0.19,0.12,56,37,12427.955,0.24,14,22.8,6
20.04.2025,14-15,0.34,0.2,0.14,56,37,12428.195,0.27,15,23.2,6
20.04.2025,15-16,0.28,0.17,0.11,56,37,12428.465,0.22,16,23.3,6
20.04.2025,16-17,0.26,0.16,0.1,56,37,12428.685,0.2,17,24.2,6
20.04.2025,17-18,0.31,0.19,0.12,56,37,12428.885,0.24,18,23.9,6
20.04.2025,18-19,0.4,0.24,0.16,56,37,12429.125,0.31,19,22.9,6
20.04.2025,19-20,0.54,0.32,0.22,56,37,12429.435,0.42,20,21.2,6
20.04.2025,20-21,0.4,0.24,0.16,56,37,12429.855,0.31,21,19.4,6
20.04.2025,21-22,0.34,0.2,0.14,56,37,12430.165,0.27,22,18.0,6
20.04.2025,22-23,0.28,0.17,0.11,56,37,12430.435,0.22,23,16.8,6
20.04.2025,23-24,0.17,0.1,0.07,56,37,12430.655,0.13,24,15.8,6
21.04.2025,0-1,0.13,0.07,0.06,55,36,12430.784999999998,0.11,1,14.8,0
21.04.2025,1-2,0.05,0.03,0.02,55,36,12430.890999999998,0.04,2,13.9,0
21.04.2025,2-3,0.06,0.03,0.03,55,36,12430.933999999996,0.05,3,13.1,0
21.04.2025,3-4,0.06,0.03,0.03,55,36,12430.984999999995,0.05,4,12.3,0
21.04.2025,4-5,0.08,0.04,0.04,55,36,12431.035999999996,0.06,5,12.5,0
21.04.2025,5-6,0.25,0.13,0.12,55,36,12431.099999999997,0.2,6,11.8,0
21.04.2025,6-7,0.16,0.09,0.07,55,36,12431.303999999996,0.13,7,11.7,0
21.04.2025,7-8,0.16,0.09,0.07,55,36,12431.431999999995,0.13,8,12.6,0
21.04.2025,8-9,0.26,0.14,0.12,55,36,12431.559999999998,0.21,9,14.0,0
21.04.2025,9-10,0.31,0.21,0.1,55,36,12431.772999999996,0.17,10,16.1,0
21.04.2025,10-11,0.21,0.1099999999999999,0.1,55,36,12431.942999999996,0.17,11,18.7,0
21.04.2025,11-12,0.18,0.0999999999999999,0.08,55,36,12432.112999999998,0.15,12,21.0,0
21.04.2025,12-13,0.26,0.18,0.08,55,36,12432.261999999995,0.15,13,22.7,0
21.04.2025,13-14,0.29,0.2199999999999999,0.07,55,36,12432.410999999996,0.13,14,23.8,0
21.04.2025,14-15,0.31,0.25,0.06,55,36,12432.538999999995,0.11,15,24.2,0
21.04.2025,15-16,0.26,0.2,0.06,55,36,12432.644999999997,0.11,16,24.4,0
21.04.2025,16-17,0.23,0.16,0.07,55,36,12432.750999999997,0.13,17,25.5,0
21.04.2025,17-18,0.29,0.1899999999999999,0.1,55,36,12432.878999999995,0.17,18,25.2,0
21.04.2025,18-19,0.36,0.1899999999999999,0.17,55,36,12433.048999999995,0.3,19,24.7,0
21.04.2025,19-20,0.49,0.26,0.23,55,36,12433.346999999998,0.4,20,23.5,0
21.04.2025,20-21,0.36,0.1699999999999999,0.19,55,36,12433.750999999998,0.34,21,21.9,0
21.04.2025,21-22,0.31,0.1699999999999999,0.14,55,36,12434.091,0.26,22,20.3,0
21.04.2025,22-23,0.26,0.14,0.12,55,36,12434.345999999998,0.21,23,19.1,0
21.04.2025,23-24,0.16,0.09,0.07,55,36,12434.558999999996,0.13,24,17.9,0
22.04.2025,0-1,0.12,0.0699999999999999,0.05,55,35,12434.686999999998,0.12,1,16.8,1
22.04.2025,1-2,0.05,0.03,0.02,55,35,12434.801999999998,0.05,2,15.4,1
22.04.2025,2-3,0.06,0.03,0.03,55,35,12434.847999999998,0.06,3,14.7,1
22.04.2025,3-4,0.06,0.03,0.03,55,35,12434.902999999998,0.06,4,14.1,1
22.04.2025,4-5,0.07,0.04,0.03,55,35,12434.958,0.07,5,15.0,1
22.04.2025,5-6,0.23,0.13,0.1,55,35,12435.026999999998,0.22,6,14.1,1
22.04.2025,6-7,0.14,0.07,0.07,55,35,12435.246999999998,0.14,7,13.6,1
22.04.2025,7-8,0.14,0.07,0.07,55,35,12435.383999999998,0.14,8,14.4,1
22.04.2025,8-9,0.24,0.13,0.11,55,35,12435.521,0.23,9,16.0,1
22.04.2025,9-10,0.28,0.19,0.09,55,35,12435.749999999998,0.18,10,17.7,1
22.04.2025,10-11,0.19,0.1,0.09,55,35,12435.933,0.18,11,19.1,1
22.04.2025,11-12,0.17,0.09,0.08,55,35,12436.116,0.16,12,20.5,1
22.04.2025,12-13,0.24,0.1599999999999999,0.08,55,35,12436.276,0.16,13,21.6,1
22.04.2025,13-14,0.26,0.19,0.07,55,35,12436.436,0.14,14,22.4,1
22.04.2025,14-15,0.28,0.23,0.05,55,35,12436.573,0.12,15,22.6,1
22.04.2025,15-16,0.24,0.19,0.05,55,35,12436.688,0.12,16,22.7,1
22.04.2025,16-17,0.21,0.1399999999999999,0.07,55,35,12436.803,0.14,17,23.7,1
22.04.2025,17-18,0.26,0.17,0.09,55,35,12436.94,0.18,18,23.1,1
22.04.2025,18-19,0.33,0.18,0.15,55,35,12437.123,0.32,19,22.1,1
22.04.2025,19-20,0.45,0.24,0.21,55,35,12437.444,0.44,20,20.8,1
22.04.2025,20-21,0.33,0.16,0.17,55,35,12437.879,0.37,21,18.6,1
22.04.2025,21-22,0.28,0.15,0.13,55,35,12438.245,0.28,22,16.9,1
22.04.2025,22-23,0.24,0.13,0.11,55,35,12438.52,0.23,23,15.6,1
22.04.2025,23-24,0.14,0.07,0.07,55,35,12438.749,0.14,24,14.0,1
23.04.2025,0-1,0.11,0.06,0.05,54,34,12438.886,0.1,1,12.8,2
23.04.2025,1-2,0.04,0.02,0.02,54,34,12438.99,0.04,2,11.9,2
23.04.2025,2-3,0.05,0.03,0.02,54,34,12439.031,0.05,3,11.4,2
23.04.2025,3-4,0.05,0.03,0.02,54,34,12439.080999999998,0.05,4,11.1,2
23.04.2025,4-5,0.06,0.03,0.03,54,34,12439.130999999998,0.06,5,11.9,2
23.04.2025,5-6,0.2,0.11,0.09,54,34,12439.192999999996,0.2,6,11.5,2
23.04.2025,6-7,0.13,0.07,0.06,54,34,12439.391999999998,0.12,7,11.4,2
23.04.2025,7-8,0.13,0.07,0.06,54,34,12439.515999999998,0.12,8,12.0,2
23.04.2025,8-9,0.21,0.1099999999999999,0.1,54,34,12439.639999999998,0.21,9,13.4,2
23.04.2025,9-10,0.26,0.18,0.08,54,34,12439.846999999998,0.17,10,15.5,2
23.04.2025,10-11,0.17,0.09,0.08,54,34,12440.012999999995,0.17,11,18.2,2
23.04.2025,11-12,0.15,0.0799999999999999,0.07,54,34,12440.178999999996,0.15,12,21.1,2
23.04.2025,12-13,0.21,0.1399999999999999,0.07,54,34,12440.323999999997,0.15,13,23.2,2
23.04.2025,13-14,0.23,0.17,0.06,54,34,12440.468999999996,0.12,14,23.8,2
23.04.2025,14-15,0.26,0.21,0.05,54,34,12440.592999999995,0.1,15,24.9,2
23.04.2025,15-16,0.21,0.1599999999999999,0.05,54,34,12440.696999999996,0.1,16,25.7,2
23.04.2025,16-17,0.19,0.13,0.06,54,34,12440.800999999996,0.12,17,25.9,2
23.04.2025,17-18,0.23,0.15,0.08,54,34,12440.924999999996,0.17,18,25.6,2
23.04.2025,18-19,0.3,0.1599999999999999,0.14,54,34,12441.090999999997,0.29,19,25.0,2
23.04.2025,19-20,0.4,0.21,0.19,54,34,12441.380999999996,0.39,20,22.6,2
23.04.2025,20-21,0.3,0.1399999999999999,0.16,54,34,12441.774999999996,0.33,21,21.3,2
23.04.2025,21-22,0.26,0.14,0.12,54,34,12442.106999999996,0.25,22,20.2,2
23.04.2025,22-23,0.21,0.1099999999999999,0.1,54,34,12442.355999999996,0.21,23,18.9,2
23.04.2025,23-24,0.13,0.07,0.06,54,34,12442.562999999996,0.12,24,17.0,2
24.04.2025,0-1,0.09,0.0499999999999999,0.04,54,33,12442.686999999996,0.11,1,15.4,3
24.04.2025,1-2,0.04,0.02,0.02,54,33,12442.798999999995,0.05,2,14.1,3
24.04.2025,2-3,0.04,0.02,0.02,54,33,12442.843999999996,0.05,3,13.0,3
24.04.2025,3-4,0.04,0.02,0.02,54,33,12442.897999999996,0.05,4,11.9,3
24.04.2025,4-5,0.05,0.03,0.02,54,33,12442.951999999996,0.07,5,11.5,3
24.04.2025,5-6,0.17,0.09,0.08,54,33,12443.018999999997,0.22,6,10.7,3
24.04.2025,6-7,0.11,0.06,0.05,54,33,12443.233999999997,0.13,7,10.2,3
24.04.2025,7-8,0.11,0.06,0.05,54,33,12443.367999999997,0.13,8,10.3,3
24.04.2025,8-9,0.18,0.0999999999999999,0.08,54,33,12443.501999999997,0.22,9,11.3,3
24.04.2025,9-10,0.21,0.1399999999999999,0.07,54,33,12443.725999999995,0.18,10,12.7,3
24.04.2025,10-11,0.14,0.07,0.07,54,33,12443.904999999995,0.18,11,14.1,3
24.04.2025,11-12,0.12,0.06,0.06,54,33,12444.083999999995,0.16,12,15.4,3
24.04.2025,12-13,0.18,0.12,0.06,54,33,12444.239999999996,0.16,13,16.6,3
24.04.2025,13-14,0.2,0.15,0.05,54,33,12444.395999999995,0.13,14,17.6,3
24.04.2025,14-15,0.21,0.1699999999999999,0.04,54,33,12444.529999999995,0.11,15,18.3,3
24.04.2025,15-16,0.18,0.1399999999999999,0.04,54,33,12444.641999999996,0.11,16,18.8,3
24.04.2025,16-17,0.16,0.11,0.05,54,33,12444.753999999995,0.13,17,19.4,3
24.04.2025,17-18,0.2,0.13,0.07,54,33,12444.887999999995,0.18,18,19.3,3
24.04.2025,18-19,0.25,0.14,0.11,54,33,12445.066999999995,0.31,19,18.8,3
24.04.2025,19-20,0.34,0.18,0.16,54,33,12445.379999999996,0.43,20,17.8,3
24.04.2025,20-21,0.25,0.12,0.13,54,33,12445.804999999997,0.36,21,16.7,3
24.04.2025,21-22,0.21,0.1099999999999999,0.1,54,33,12446.162999999997,0.27,22,15.7,3
24.04.2025,22-23,0.18,0.0999999999999999,0.08,54,33,12446.430999999997,0.22,23,15.0,3
24.04.2025,23-24,0.11,0.06,0.05,54,33,12446.654999999995,0.13,24,14.1,3
25.04.2025,0-1,0.06,0.0399999999999999,0.02,53,32,12446.788999999995,0.11,1,13.3,4
25.04.2025,1-2,0.02,0.01,0.01,53,32,12446.898999999996,0.04,2,12.4,4
25.04.2025,2-3,0.03,0.0199999999999999,0.01,53,32,12446.938999999997,0.05,3,11.6,4
25.04.2025,3-4,0.03,0.0199999999999999,0.01,53,32,12446.988999999996,0.05,4,11.1,4
25.04.2025,4-5,0.04,0.03,0.01,53,32,12447.038999999995,0.07,5,11.3,4
25.04.2025,5-6,0.11,0.06,0.05,53,32,12447.108999999997,0.21,6,10.7,4
25.04.2025,6-7,0.07,0.04,0.03,53,32,12447.318999999994,0.13,7,10.3,4
25.04.2025,7-8,0.07,0.04,0.03,53,32,12447.448999999991,0.13,8,10.7,4
25.04.2025,8-9,0.12,0.0699999999999999,0.05,53,32,12447.578999999992,0.22,9,11.8,4
25.04.2025,9-10,0.14,0.08,0.06,53,32,12447.798999999992,0.27,10,13.2,4
25.04.2025,10-11,0.09,0.0499999999999999,0.04,53,32,12448.068999999992,0.18,11,14.9,4
25.04.2025,11-12,0.08,0.05,0.03,53,32,12448.248999999993,0.16,12,16.5,4
25.04.2025,12-13,0.12,0.0699999999999999,0.05,53,32,12448.408999999992,0.22,13,17.1,4
25.04.2025,13-14,0.13,0.08,0.05,53,32,12448.628999999992,0.24,14,16.6,4
25.04.2025,14-15,0.14,0.08,0.06,53,32,12448.868999999992,0.27,15,16.9,4
25.04.2025,15-16,0.12,0.0699999999999999,0.05,53,32,12449.138999999992,0.22,16,16.9,4
25.04.2025,16-17,0.11,0.07,0.04,53,32,12449.358999999991,0.2,17,14.4,4
25.04.2025,17-18,0.13,0.08,0.05,53,32,12449.558999999992,0.24,18,14.8,4
25.04.2025,18-19,0.17,0.1,0.07,53,32,12449.798999999992,0.31,19,13.3,4
25.04.2025,19-20,0.22,0.13,0.09,53,32,12450.108999999991,0.42,20,12.2,4
25.04.2025,20-21,0.17,0.1,0.07,53,32,12450.528999999991,0.31,21,11.0,4
25.04.2025,21-22,0.14,0.08,0.06,53,32,12450.83899999999,0.27,22,10.3,4
25.04.2025,22-23,0.12,0.0699999999999999,0.05,53,32,12451.108999999991,0.22,23,9.4,4
25.04.2025,23-24,0.07,0.04,0.03,53,32,12451.32899999999,0.13,24,8.0,4
26.04.2025,0-1,0.03,0.0199999999999999,0.01,52,31,12451.45899999999,0.1,1,6.9,5
26.04.2025,1-2,0.01,0.01,0.0,52,31,12451.55899999999,0.04,2,5.7,5
26.04.2025,2-3,0.01,0.0,0.01,52,31,12451.598999999993,0.05,3,4.8,5
26.04.2025,3-4,0.01,0.0,0.01,52,31,12451.64899999999,0.05,4,3.8,5
26.04.2025,4-5,0.02,0.01,0.01,52,31,12451.69899999999,0.06,5,2.2,5
26.04.2025,5-6,0.06,0.0399999999999999,0.02,52,31,12451.75899999999,0.19,6,1.8,5
26.04.2025,6-7,0.04,0.03,0.01,52,31,12451.94899999999,0.12,7,1.6,5
26.04.2025,7-8,0.04,0.03,0.01,52,31,12452.06899999999,0.12,8,2.0,5
26.04.2025,8-9,0.06,0.0399999999999999,0.02,52,31,12452.188999999991,0.2,9,2.1,5
26.04.2025,9-10,0.07,0.04,0.03,52,31,12452.388999999992,0.24,10,2.7,5
26.04.2025,10-11,0.05,0.03,0.02,52,31,12452.628999999992,0.16,11,3.7,5
26.04.2025,11-12,0.04,0.02,0.02,52,31,12452.788999999992,0.14,12,4.3,5
26.04.2025,12-13,0.06,0.0399999999999999,0.02,52,31,12452.928999999993,0.2,13,4.8,5
26.04.2025,13-14,0.07,0.04,0.03,52,31,12453.128999999992,0.22,14,5.7,5
26.04.2025,14-15,0.07,0.04,0.03,52,31,12453.348999999993,0.24,15,6.9,5
26.04.2025,15-16,0.06,0.0399999999999999,0.02,52,31,12453.58899999999,0.2,16,7.9,5
26.04.2025,16-17,0.05,0.03,0.02,52,31,12453.788999999992,0.18,17,6.9,5
26.04.2025,17-18,0.07,0.04,0.03,52,31,12453.968999999992,0.22,18,6.6,5
26.04.2025,18-19,0.08,0.05,0.03,52,31,12454.188999999991,0.28,19,6.2,5
26.04.2025,19-20,0.11,0.07,0.04,52,31,12454.468999999992,0.38,20,5.7,5
26.04.2025,20-21,0.08,0.05,0.03,52,31,12454.848999999993,0.28,21,5.0,5
26.04.2025,21-22,0.07,0.04,0.03,52,31,12455.128999999992,0.24,22,4.5,5
26.04.2025,22-23,0.06,0.0399999999999999,0.02,52,31,12455.368999999992,0.2,23,4.0,5
26.04.2025,23-24,0.04,0.03,0.01,52,31,12455.568999999992,0.12,24,3.3,5
27.04.2025,0-1,0.0,0.0,0.0,51,30,12455.688999999991,0.11,1,2.6,6
27.04.2025,1-2,0.0,0.0,0.0,51,30,12455.798999999994,0.04,2,1.9,6
27.04.2025,2-3,0.0,0.0,0.0,51,30,12455.838999999994,0.05,3,1.2,6
27.04.2025,3-4,0.0,0.0,0.0,51,30,12455.888999999994,0.05,4,0.7,6
27.04.2025,4-5,0.0,0.0,0.0,51,30,12455.938999999991,0.06,5,0.0,6
27.04.2025,5-6,0.0,0.0,0.0,51,30,12455.998999999993,0.2,6,-0.5,6
27.04.2025,6-7,0.0,0.0,0.0,51,30,12456.198999999991,0.13,7,-0.6,6
27.04.2025,7-8,0.0,0.0,0.0,51,30,12456.328999999992,0.13,8,0.1,6
27.04.2025,8-9,0.0,0.0,0.0,51,30,12456.458999999992,0.21,9,1.4,6
27.04.2025,9-10,0.0,0.0,0.0,51,30,12456.66899999999,0.26,10,2.4,6
27.04.2025,10-11,0.0,0.0,0.0,51,30,12456.928999999993,0.17,11,3.5,6
27.04.2025,11-12,0.0,0.0,0.0,51,30,12457.098999999993,0.15,12,4.7,6
27.04.2025,12-13,0.0,0.0,0.0,51,30,12457.24899999999,0.21,13,4.6,6
27.04.2025,13-14,0.0,0.0,0.0,51,30,12457.45899999999,0.23,14,4.9,6
27.04.2025,14-15,0.0,0.0,0.0,51,30,12457.68899999999,0.26,15,5.4,6
27.04.2025,15-16,0.0,0.0,0.0,51,30,12457.94899999999,0.21,16,5.2,6
27.04.2025,16-17,0.0,0.0,0.0,51,30,12458.158999999989,0.19,17,4.8,6
27.04.2025,17-18,0.0,0.0,0.0,51,30,12458.34899999999,0.23,18,4.4,6
27.04.2025,18-19,0.0,0.0,0.0,51,30,12458.578999999989,0.3,19,4.0,6
27.04.2025,19-20,0.0,0.0,0.0,51,30,12458.878999999988,0.4,20,3.5,6
27.04.2025,20-21,0.0,0.0,0.0,51,30,12459.278999999988,0.3,21,3.0,6
27.04.2025,21-22,0.0,0.0,0.0,51,30,12459.578999999989,0.26,22,2.8,6
27.04.2025,22-23,0.0,0.0,0.0,51,30,12459.838999999987,0.21,23,2.5,6
27.04.2025,23-24,0.0,0.0,0.0,51,30,12460.048999999986,0.13,24,1.6,6
28.04.2025,0-1,0.0,0.0,0.0,50,29,12460.178999999986,0.11,1,1.0,0
28.04.2025,1-2,0.0,0.0,0.0,50,29,12460.284999999983,0.04,2,0.8,0
28.04.2025,2-3,0.0,0.0,0.0,50,29,12460.327999999983,0.05,3,0.5,0
28.04.2025,3-4,0.0,0.0,0.0,50,29,12460.378999999984,0.05,4,0.2,0
28.04.2025,4-5,0.0,0.0,0.0,50,29,12460.429999999984,0.06,5,-0.9,0
28.04.2025,5-6,0.0,0.0,0.0,50,29,12460.493999999984,0.2,6,-1.3,0
28.04.2025,6-7,0.0,0.0,0.0,50,29,12460.697999999984,0.13,7,-1.1,0
28.04.2025,7-8,0.0,0.0,0.0,50,29,12460.825999999985,0.13,8,-0.2,0
28.04.2025,8-9,0.0,0.0,0.0,50,29,12460.953999999983,0.21,9,1.3,0
28.04.2025,9-10,0.0,0.0,0.0,50,29,12461.166999999983,0.17,10,2.9,0
28.04.2025,10-11,0.0,0.0,0.0,50,29,12461.336999999983,0.17,11,4.3,0
28.04.2025,11-12,0.0,0.0,0.0,50,29,12461.506999999983,0.15,12,5.6,0
28.04.2025,12-13,0.0,0.0,0.0,50,29,12461.655999999984,0.15,13,6.9,0
28.04.2025,13-14,0.0,0.0,0.0,50,29,12461.804999999984,0.13,14,7.9,0
28.04.2025,14-15,0.0,0.0,0.0,50,29,12461.932999999985,0.11,15,9.4,0
28.04.2025,15-16,0.0,0.0,0.0,50,29,12462.038999999984,0.11,16,10.5,0
28.04.2025,16-17,0.0,0.0,0.0,50,29,12462.144999999984,0.13,17,11.2,0
28.04.2025,17-18,0.0,0.0,0.0,50,29,12462.272999999985,0.17,18,10.3,0
28.04.2025,18-19,0.0,0.0,0.0,50,29,12462.442999999985,0.3,19,10.5,0
28.04.2025,19-20,0.0,0.0,0.0,50,29,12462.740999999984,0.4,20,10.2,0
28.04.2025,20-21,0.0,0.0,0.0,50,29,12463.144999999986,0.34,21,9.6,0
28.04.2025,21-22,0.0,0.0,0.0,50,29,12463.484999999986,0.26,22,8.5,0
28.04.2025,22-23,0.0,0.0,0.0,50,29,12463.739999999983,0.21,23,8.1,0
28.04.2025,23-24,0.0,0.0,0.0,50,29,12463.952999999983,0.13,24,7.5,0
29.04.2025,0-1,0.0,0.0,0.0,49,28,12464.080999999986,0.12,1,7.5,1
29.04.2025,1-2,0.0,0.0,0.0,49,28,12464.195999999984,0.05,2,6.8,1
29.04.2025,2-3,0.0,0.0,0.0,49,28,12464.241999999986,0.06,3,6.7,1
29.04.2025,3-4,0.0,0.0,0.0,49,28,12464.296999999986,0.06,4,5.7,1
29.04.2025,4-5,0.0,0.0,0.0,49,28,12464.351999999986,0.07,5,6.1,1
29.04.2025,5-6,0.0,0.0,0.0,49,28,12464.420999999986,0.22,6,5.6,1
29.04.2025,6-7,0.0,0.0,0.0,49,28,12464.640999999983,0.14,7,5.7,1
29.04.2025,7-8,0.0,0.0,0.0,49,28,12464.777999999986,0.14,8,6.1,1
29.04.2025,8-9,0.0,0.0,0.0,49,28,12464.914999999986,0.23,9,6.9,1
29.04.2025,9-10,0.0,0.0,0.0,49,28,12465.143999999986,0.18,10,7.2,1
29.04.2025,10-11,0.0,0.0,0.0,49,28,12465.326999999988,0.18,11,7.8,1
29.04.2025,11-12,0.0,0.0,0.0,49,28,12465.509999999987,0.16,12,7.7,1
29.04.2025,12-13,0.0,0.0,0.0,49,28,12465.669999999987,0.16,13,8.5,1
29.04.2025,13-14,0.0,0.0,0.0,49,28,12465.829999999987,0.14,14,8.0,1
29.04.2025,14-15,0.0,0.0,0.0,49,28,12465.966999999988,0.12,15,7.9,1
29.04.2025,15-16,0.0,0.0,0.0,49,28,12466.081999999988,0.12,16,8.2,1
29.04.2025,16-17,0.0,0.0,0.0,49,28,12466.196999999987,0.14,17,11.7,1
29.04.2025,17-18,0.0,0.0,0.0,49,28,12466.333999999988,0.18,18,11.0,1
29.04.2025,18-19,0.0,0.0,0.0,49,28,12466.516999999987,0.32,19,11.0,1
29.04.2025,19-20,0.0,0.0,0.0,49,28,12466.837999999989,0.44,20,11.0,1
29.04.2025,20-21,0.0,0.0,0.0,49,28,12467.272999999988,0.37,21,8.7,1
29.04.2025,21-22,0.0,0.0,0.0,49,28,12467.638999999988,0.28,22,8.3,1
29.04.2025,22-23,0.0,0.0,0.0,49,28,12467.913999999988,0.23,23,7.8,1
29.04.2025,23-24,0.0,0.0,0.0,49,28,12468.142999999987,0.14,24,7.3,1
30.04.2025,0-1,0.0,0.0,0.0,48,27,12468.279999999988,0.1,1,7.2,2
30.04.2025,1-2,0.0,0.0,0.0,48,27,12468.383999999987,0.04,2,7.3,2
30.04.2025,2-3,0.0,0.0,0.0,48,27,12468.424999999988,0.05,3,7.3,2
30.04.2025,3-4,0.0,0.0,0.0,48,27,12468.474999999986,0.05,4,7.0,2
30.04.2025,4-5,0.0,0.0,0.0,48,27,12468.524999999983,0.06,5,7.4,2
30.04.2025,5-6,0.0,0.0,0.0,48,27,12468.586999999983,0.2,6,7.3,2
30.04.2025,6-7,0.0,0.0,0.0,48,27,12468.785999999986,0.12,7,7.1,2
30.04.2025,7-8,0.0,0.0,0.0,48,27,12468.909999999983,0.12,8,7.0,2
30.04.2025,8-9,0.0,0.0,0.0,48,27,12469.033999999983,0.21,9,7.2,2
30.04.2025,9-10,0.0,0.0,0.0,48,27,12469.240999999984,0.17,10,8.3,2
30.04.2025,10-11,0.0,0.0,0.0,48,27,12469.406999999985,0.17,11,9.0,2
30.04.2025,11-12,0.0,0.0,0.0,48,27,12469.572999999984,0.15,12,8.9,2
30.04.2025,12-13,0.0,0.0,0.0,48,27,12469.717999999984,0.15,13,8.5,2
30.04.2025,13-14,0.0,0.0,0.0,48,27,12469.862999999985,0.12,14,7.9,2
30.04.2025,14-15,0.0,0.0,0.0,48,27,12469.986999999985,0.1,15,8.0,2
30.04.2025,15-16,0.0,0.0,0.0,48,27,12470.090999999984,0.1,16,8.3,2
30.04.2025,16-17,0.0,0.0,0.0,48,27,12470.194999999983,0.12,17,10.1,2
30.04.2025,17-18,0.0,0.0,0.0,48,27,12470.318999999983,0.17,18,10.3,2
30.04.2025,18-19,0.0,0.0,0.0,48,27,12470.484999999982,0.29,19,10.0,2
30.04.2025,19-20,0.0,0.0,0.0,48,27,12470.774999999983,0.39,20,9.5,2
30.04.2025,20-21,0.0,0.0,0.0,48,27,12471.168999999983,0.33,21,8.7,2
30.04.2025,21-22,0.0,0.0,0.0,48,27,12471.500999999984,0.25,22,8.1,2
30.04.2025,22-23,0.0,0.0,0.0,48,27,12471.749999999984,0.21,23,7.3,2
30.04.2025,23-24,0.0,0.0,0.0,48,27,12471.956999999984,0.12,24,6.9,2
